,Unnamed: 0,Nama,Posisi,Kualifikasi,kode_kual,Path_Gambar,Keterangan,Tanggal,Alamat,artikel,info,byk_hasil,nama_nomer
0,0,PT Darya-Varia Laboratoria Tbk,"['1. Logistic Pharmacist', '2. In Process Control (IPC) Inspector']","[[['', 'Apothecary profession; experienced at least 2 years in warehouse management and material handling', 'Has good knowledge on cGMP and quality system', 'Able to work in a team and independently', 'Willing to work in shift (male preferably)', '']], [['', 'Bachelor degree in Pharmacy', 'Male and willing to in shift', 'Has good knowledge on cGMP and QC', 'Computer literate', 'Attention to details, agile, discipline, able to work under pressure and have good eyesight', 'Placement Bogor', '']]]","[['Requirement'], ['Requirement']]",E:/Belajar/www.disnakerja.com/images/PT Darya-Varia Laboratoria Tbk.jpg,"['Send your updated CV and application letter to :', 'fitriani.sakina@darya-varia.com, Subject: Applied position ‚Äì Full Name']","December 25, 2020",https://www.disnakerja.com/job/lowongan-kerja-pt-darya-varia-laboratoria-tbk-2/,"
<p style=""text-align: justify;""><span class=""dropcap"">P</span>T¬†Darya-Varia Laboratoria Tbk (‚ÄúDarya-Varia atau Perseroan‚Äù) adalah perusahaan farmasi yang telah lama berdiri di Indonesia, beroperasi sejak tahun 1976. Setelah menjadi perusahaan terbuka pada tahun 1994, Perseroan mengakuisisi PT Pradja Pharin (Prafa) di tahun 1995, dan terus mengembangkan berbagai produk Obat Resep dan Consumer Health. Pada Juli 2014, Darya-Varia bergabung (merger) dengan Prafa. Darya-Varia mengoperasikan dua fasilitas manufaktur kelas dunia di Gunung Putri dan Citeureup, Bogor, keduanya memiliki sertifikat Cara Pembuatan Obat yang Baik (CPOB) ASEAN. Kedua pabrik tersebut fokus memproduksi produk-produk Perseroan serta memberikan jasa toll manufacturing untuk pelaku nasional dan multinasional baik untuk pasar lokal maupun ekspor.</p>
<p style=""text-align: justify;"">Pabrik Darya-Varia di Gunung Putri, Bogor, memiliki spesialisasi dalam produksi kapsul gelatin lunak dan produk-produk cair, sementara Pabrik Darya-Varia di Citeureup, Bogor, memiliki spesialisasi dalam produksi injeksi steril dan produk padat. Perseroan juga melakukan toll manufacturing dengan perusahaan afiliasinya‚Äã. Pada 2013, Perseroan memperoleh sertifikat halal untuk kapsul NATUR-E dan HOBAT, produk gelatin yang mengandung unsur hewani, merupakan sertifikasi halal produk suplemen yang pertama untuk perusahaan farmasi di Indonesia.</p>
<p style=""text-align: justify;"">Saat ini PT Darya-Varia Laboratoria Tbk kembali membuka lowongan kerja terbaru pada bulan Desember 2020. Adapun dibawah ini adalah posisi jabatan yang saat ini tersedia bagi Anda para pencari kerja yang tertarik untuk mengembangkan karir Anda bersama PT Darya-Varia Laboratoria Tbk dengan kualifikasi sebagai berikut.</p>
<h4 style=""text-align: center;"">Lowongan Kerja PT Darya-Varia Laboratoria Tbk</h4>
<hr/>
<h5>1. Logistic Pharmacist</h5>
<p>Requirement</p>
<ol>
<li>Apothecary profession; experienced at least 2 years in warehouse management and material handling</li>
<li>Has good knowledge on cGMP and quality system</li>
<li>Able to work in a team and independently</li>
<li>Willing to work in shift (male preferably)</li>
</ol>
<h5>2. In Process Control (IPC) Inspector</h5>
<p>Requirement</p>
<ol>
<li>Bachelor degree in Pharmacy</li>
<li>Male and willing to in shift</li>
<li>Has good knowledge on cGMP and QC</li>
<li>Computer literate</li>
<li>Attention to details, agile, discipline, able to work under pressure and have good eyesight</li>
<li>Placement Bogor</li>
</ol>
<hr/>
<p style=""text-align: center;"">Send your updated CV and application letter to :</p>
<p style=""text-align: center;"">fitriani.sakina@darya-varia.com<br/>
Subject: Applied position ‚Äì Full Name</p>
 ","
Send your updated CV and application letter to :
fitriani.sakina@darya-varia.com, Subject: Applied position ‚Äì Full Name",4,"[3, 2, 1, 0]"
1,1,Pura Group Indonesia,['Staff Administrasi'],"[[['', 'Wanita', 'Usia maks. 28 tahun', 'Memiliki pengalaman sebagai administrasi min. 2 tahun', 'Pendidikan min. S1 Semua jurusan', 'IPK min. 3.00', 'Berpenampilan menarik (good looking)', 'Komunikatif, aktif & energik', 'Menguasai Ms.Office', 'Penempatan Kudus, Jawa Tengah', '']]]",[['Kualifikasi']],E:/Belajar/www.disnakerja.com/images/Pura Group Indonesia.jpg,"['Bagi Anda yang berminat, silahkan mengirimkan lamaran ke :', 'hrd-papermill@kudus.puragroup.com']","December 25, 2020",https://www.disnakerja.com/job/lowongan-kerja-pura-group-indonesia/,"
<p style=""text-align: justify;"">PURA berawal dari sebuah percetakan letterpress kecil yang berdiri di tahun 1908. Kemudian di tahun 1970, di bawah kepemimpinan generasi ketiga‚ÄîJacobus Busono‚Äîperusahaan berkembang pesat sampai menjadi industri modern Pura Group yang kita kenal saat ini. Filosofi Pura adalah menghasilkan produk-produk inovatif berteknologi tinggi sebagai pengganti impor di pasar domestik dan produk ekspor untuk pasar internasional. Setelah lebih dari empat dekade, Pura telah menjelma menjadi kelompok industri dengan 30 divisi produksi yang terintegrasi menempati area 100 hektar lebih dengan 13.000 tenaga kerja, mengekspor produknya ke lebih dari 90 negara.</p>
<p style=""text-align: justify;"">Saat ini Pura Group Indonesia kembali membuka lowongan kerja terbaru pada bulan Desember 2020. Adapun dibawah ini adalah posisi jabatan yang saat ini tersedia bagi Anda para pencari kerja yang tertarik untuk mengembangkan karir Anda bersama Pura Group Indonesia dengan kualifikasi sebagai berikut.</p>
<h4 style=""text-align: center;"">Lowongan Kerja Pura Group Indonesia</h4>
<hr/>
<h5>Staff Administrasi</h5>
<p>Kualifikasi</p>
<ol>
<li>Wanita</li>
<li>Usia maks. 28 tahun</li>
<li>Memiliki pengalaman sebagai administrasi min. 2 tahun</li>
<li>Pendidikan min. S1 Semua jurusan</li>
<li>IPK min. 3.00</li>
<li>Berpenampilan menarik (good looking)</li>
<li>Komunikatif, aktif &amp; energik</li>
<li>Menguasai Ms.Office</li>
<li>Penempatan Kudus, Jawa Tengah</li>
</ol>
<hr/>
<p style=""text-align: center;"">Bagi Anda yang berminat, silahkan mengirimkan lamaran ke :</p>
<p style=""text-align: center;"">hrd-papermill@kudus.puragroup.com</p>
 ","
Bagi Anda yang berminat, silahkan mengirimkan lamaran ke :
hrd-papermill@kudus.puragroup.com",3,"[2, 1, 0]"
2,2,PT Indo Taichen Textile Industry,['Management Trainee (MT)'],"[[['', 'Bachelor Degree/Master Degree from all Engineering Major, Psychology, Law, Management/Business, Accounting, Finance, Banking', 'Min. GPA 3,00/4,00', 'Global business orientation and nig-picture thinking mindset', 'Strong interest in business, operation and leadership', 'Able communication in English', 'Placement in Tangerang', '']]]",[['Requirements']],E:/Belajar/www.disnakerja.com/images/PT Indo Taichen Textile Industry.jpg,"['Please send your CV to:', 'recruitment@indotaichen.com', 'Hanya yang sesuai kualifikasi yang akan diproses ke tahap selanjutnya, Stay safe & healthy everyone üôÇ']","December 25, 2020",https://www.disnakerja.com/job/lowongan-kerja-pt-indo-taichen-textile-industry/,"
<p style=""text-align: justify;"">PT. INDO TAICHEN TEXTILE INDUSTRY adalah perusahaan di Tangerang yang bergerak dibidang Industri Textile kain rajut (Knitted Fabrics) celupan yg terbuat dari berbagai macam bahan antara lain 100% Cotton, CVC, TC dan 100% Polyester. Pada awal berdirinya PT Indo Taichen merupakan perusahaan rumahan pewarna dan sekarang berkembang pesat menjadi pabrik kain besar dengan proses produksi lengkap seperti Knitting, Dyeing, Printing hingga Finishing.</p>
<p style=""text-align: justify;"">PT Indo Taichen memproduksi kain berbagai kain rajutan dari polyster dan katun serta campurannya. Selain untuk memenuhi kebutuhan pasar domestik, perusahaan ini juga melakukan pengirimn kainnya untuk kebutuhan ekspor.</p>
<hr/>
<h5>Management Trainee (MT)</h5>
<p>Requirements</p>
<ol>
<li>Bachelor Degree/Master Degree from all Engineering Major, Psychology, Law, Management/Business, Accounting, Finance, Banking</li>
<li>Min. GPA 3,00/4,00</li>
<li>Global business orientation and nig-picture thinking mindset</li>
<li>Strong interest in business, operation and leadership</li>
<li>Able communication in English</li>
<li>Placement in Tangerang</li>
</ol>
<hr/>
<p style=""text-align: center;"">Please send your CV to:</p>
<p style=""text-align: center;"">recruitment@indotaichen.com</p>
<p style=""text-align: center;"">Hanya yang sesuai kualifikasi yang akan diproses ke tahap selanjutnya<br/>
Stay safe &amp; healthy everyone üôÇ</p>
 ","
Please send your CV to:
recruitment@indotaichen.com
Hanya yang sesuai kualifikasi yang akan diproses ke tahap selanjutnya, Stay safe & healthy everyone üôÇ",3,"[2, 1, 0]"
3,3,PT Lion Wings Indonesia,"['1. Staff Pengembangan Fragrance dan Flavour', '2. Staff Marketing ‚Äì Assistant Brand Manager', '3. Staff Marketing Designer and Multimedia', '4. Staff Produksi Injection & Blowing', '5. Staff Produksi Kosmetik', '6. Staff Maintenance Electric']","[[['', 'Sarjana (S1) ‚Äì Apoteker atau Farmasi atau Teknologi Pangan, dengan IPK minimal 3,00', 'Lulusan Baru atau Pengalaman Kerja sebagai Staff Fragrance dan Flavour', 'Mahir mengoperasikan Excel dan Power Point', 'Memiliki keterampilan laboratorium yang baik', 'Memiliki penciuman yang bagus (bukan anosmik)', 'Orang yang ulet dengan Integritas, Berpikir Positif, Dinamis (Aktif, Persuasif, Percaya Diri & Independen), Disiplin, Suka', 'Tantangan dan Belajar Hal-hal Baru, dan Sehat Jasmani dan Rohani', 'Bersedia Bekerja di Bawah Tekanan, Kerja lembur, Menangani pekerjaan kompleks, dan Mampu Bekerja secara individu dan tim', 'Jam Kerja: Senin hingga Jumat: 08:00 ‚Äì 17:00', 'Proses Rekrutmen dan Penempatan Kerja di Cakung ‚Äì Jakarta Timur', '']], [['', 'Lulusan Baru atau Berpengalaman Kerja sebagai Staf Pemasaran Branding (diutamakan dari Perusahaan FMCG)', 'Sarjana (S1) ‚Äì Semua Jurusan (diutamakan yang memiliki background Ekonomi atau Marketing atau Manajemen atau', 'Komunikasi Pemasaran atau Ilmu Komunikasi atau Komunikasi Massa atau Hubungan Masyarakat), dari Universitas Ternama, dengan IPK minimal 3.00', 'Fasih dalam Bahasa Inggris (lisan dan tulisan)', 'Mahir mengoperasikan Excel dan Power Point', 'Kreatif, Bertanggung jawab, Dapat diandalkan, Bisa bekerja dalam Tim, Inisiatif tinggi', 'Keterampilan komunikasi dan interpersonal yang sangat baik dengan kemampuan untuk beradaptasi dengan budaya dan lingkungan baru secara efektif, Memiliki Kepribadian dan Sikap yang baik, Berpenampilan Menarik, Menyukai Tantangan dan', 'Belajar hal-hal baru, dan Sehat Jasmani dan Rohani', 'Bersedia Bekerja di bawah tekanan dan Kerja lembur', 'Jam kerja: Senin ‚Äì Jumat: 08:00 ‚Äì 17:00', 'Proses Perekrutan dan Penempatan Kerja di Cakung ‚Äì Jakarta Timur', '']], [['', 'Lulusan Baru atau Maksimal 3 tahun pengalaman kerja sebagai Desainer Grafis', 'Sarjana (S1) ‚Äì Desain Grafis atau Desain Komunikasi Visual atau Multimedia Kreatif, dari Universitas Ternama, dengan IPK minimal 3,00', 'Mahir dalam mengoperasikan Photoshop, Corel Draw, dan Adobe Illustrator', 'Memiliki keterampilan menggambar sketsa tangan lebih disukai', 'Kreatif, Bertanggung jawab, Dapat diandalkan, Mampu bekerja dalam Tim, Inisiatif Tinggi, Berjiwa Seni Tinggi, dan', 'Keterampilan memecahkan masalah', 'Kemampuan komunikasi dan interpersonal yang sangat baik dengan kemampuan untuk beradaptasi dengan budaya dan lingkungan baru secara efektif, Memiliki Kepribadian dan Sikap yang Baik, Suka belajar hal-hal baru, dan Sehat Jasmani dan Rohani', 'Pengalaman bekerja di lingkungan yang dinamis adalah keuntungan yang kuat', 'Bersedia Bekerja di bawah tekanan dan Kerja lembur', 'Jam Kerja: Senin ‚Äì Jumat: 08:00 ‚Äì 17.00', 'Proses Perekrutan dan Penempatan Kerja di Cakung ‚Äì Jakarta Timur', 'Mohon sertakan Portofolio berisi hasil karya Anda', '']], [['', 'Sarjana (S1) ‚Äì Teknik Mesin, dengan IPK minimal 3,00', 'Lulusan Baru atau Maksimal 2 tahun Pengalaman Kerja sebagai Staf Produksi Injection & Blowing', 'Menyukai bekerja di Lapangan', 'Teliti, Fokus, dan Tidak mudah bosan', 'Mahir mengoperasikan Excel, Power Point, dan SAP', 'Orang yang ulet dengan Integritas, Berpikir Positif, Dinamis (Aktif, Persuasif, Percaya Diri & Independen), Berinovasi, Disiplin,', 'Suka Tantangan dan Belajar Hal-hal Baru, Sehat Jasmani dan Rohani', 'Bersedia Bekerja Shift (3-Shifts or 4-Groups), Bekerja di Bawah Tekanan, Kerja lembur, Menangani pekerjaan kompleks, dan Mampu Bekerja secara individu dan tim', 'Proses Rekrutmen dan Penempatan Kerja di Cakung ‚Äì Jakarta Timur', '']], [['', 'Sarjana (S1) ‚Äì Teknik Elektro (Arus Kuat atau Arus Lemah), dengan IPK minimal 3,00', 'Lulusan Baru atau Maksimal 2 tahun Pengalaman Kerja sebagai Staf Produksi Kosmetik atau Farmasi', 'Menyukai bekerja di Lapangan Produksi', 'Teliti, Kuat di Analisa, Fokus, dan Tidak mudah bosan', 'Mahir mengoperasikan Excel, Power Point, dan SAP', 'Orang yang ulet dengan Integritas, Berpikir Positif, Dinamis (Aktif, Persuasif, Percaya Diri & Independen), Berinovasi, Disiplin,', 'Suka Tantangan dan Belajar Hal-hal Baru, Sehat Jasmani dan Rohani', 'Bersedia Bekerja Shift (3-Shifts), Bekerja di Bawah Tekanan, Kerja lembur, Menangani pekerjaan kompleks, dan Mampu Bekerja secara individu dan tim', 'Proses Rekrutmen dan Penempatan Kerja di Cakung ‚Äì Jakarta Timur', '']], [['', 'Sarjana (S1) ‚Äì Teknik Elektro (Arus Kuat atau Arus Lemah), dengan IPK minimal 3,00', 'Lulusan baru atau Minimal 2 tahun Pengalaman Kerja sebagai Staff Maintenance Elektrik (Kelistrikan) atau Engineering', 'Menyukai bekerja pada Divisi Maintenance Elektrik atau Engineering', 'Suka Bekerja di Lapangan (Pabrik Produksi)', 'Teliti, Fokus, dan Tidak mudah bosan', 'Mahir mengoperasikan Excel, Power Point, dan SAP lebih disukai', 'Orang yang ulet dengan Integritas, Berpikir Positif, Dinamis (Aktif, Persuasif, Percaya Diri & Independen), Berinovasi, Disiplin,', 'Suka Tantangan dan Belajar Hal-hal Baru, dan Sehat Jasmani dan Rohani', 'Bersedia Bekerja Shift (3-Shifts), Bekerja di Bawah Tekanan, Kerja lembur, Menangani pekerjaan kompleks, dan Mampu Bekerja secara individu dan tim', 'Proses Rekrutmen dan Penempatan Kerja di Cakung ‚Äì Jakarta Timur', ''], ['', 'Makan siang', 'Tunjangan Shift (Khusus untuk Shift 2 dan Shift 3)', 'Pajak ditanggung oleh Perusahaan 100%', 'Asuransi Kesehatan (hingga anak ketiga)', 'BPJS (hingga anak ketiga)', 'Jaminan Pensiun (Jaminan Pensiun)', 'Sisa cuti yang tidak digunakan dapat diuangkan', 'Tunjangan Hari Raya (THR) 2x gaji, setelah 1 tahun masa kerja', '']]]","[['Requirement:'], ['Requirement:'], ['Requirement:'], ['Requirement:'], ['Requirement:'], ['Requirement:', 'Benefits:']]",E:/Belajar/www.disnakerja.com/images/PT Lion Wings Indonesia.jpg,"['Send your complete CV, Your Recent Photograph, Yout Last and Expected Salary to:', 'career@lionwings.com, Subject: Your applied position_disnakerja.com (Ex. Staff Pengembangan Fragrance dan Flavour_Disnakerja.com)', 'Or apply through at link below:', ' Apply ', 'http://lionwings.com/id/karir', '* Only short listed candiates will be notified., * Note: All Recruitment Processes at PT Lion Wings are free of charge.']","December 25, 2020",https://www.disnakerja.com/job/lowongan-kerja-pt-lion-wings-indonesia/,"
<p style=""text-align: justify;"">Didirikan pada tahun 1891, Lion Corporation bertekad untuk memenuhi keperluan sehari-hari dan memperkaya kehidupan umat manusia. Inovasi produk yang menawarkan nilai tambah maksimum senantiasa diupayakan untuk mengantisipasi keinginan konsumen kami. Lion Corporation memiliki range produk yang sangat luas antara lain pasta gigi, sikat gigi, kosmetik, sabun, shampoo, detergent, detergent pencuci piring, pembersih alat-alat kebutuhan rumah tangga, hingga makanan dan obat-obatan. Semua produk-produk Lion corp. ini ditunjang dengan brand yang kuat dan market share yang tinggi di tiap-tiap market yang dimasukinya. Lion corp memiliki pengalaman yang panjang di Asia. Kerjasama dengan Wings grup, salah satu pemain terbesar di Indonesia untuk produk yang sama, Lion Corp. membentuk PT Lionindojaya pada tahun 1981. Sejak itu, Lionindojaya memantapkan posisinya di bidang marketing dan produksi dan untuk memenuhi permintaan yang terus membesar. PT Lionindojaya telah memproduksi dan memasarkan produk-produk kepada berbagai segmen pasar dengan merek yang terkenal, bahkan saat ini Lionindojaya telah sukses menembus pasar eksport ke lebih dari 55 negara di seluruh dunia.</p>
<p style=""text-align: justify;"">Seiring dengan perubahan komposisi kepemilikan saham, terhitung sejak awal tahun 2004, PT Lionindojaya berganti nama menjadi PT Lion Wings. Pergantian nama ini mencerminkan betapa perusahaan terus berkembang secara dinamis. Dengan menyandang nama baru, perusahaan berkomitmen untuk melayani pelanggan dan konsumen dengan lebih baik lagi.</p>
<h4 style=""text-align: center;"">Lowongan Kerja PT Lion Wings Indonesia</h4>
<hr/>
<h5>1. Staff Pengembangan Fragrance dan Flavour</h5>
<p>Requirement:</p>
<ol>
<li>Sarjana (S1) ‚Äì Apoteker atau Farmasi atau Teknologi Pangan, dengan IPK minimal 3,00</li>
<li>Lulusan Baru atau Pengalaman Kerja sebagai Staff Fragrance dan Flavour</li>
<li>Mahir mengoperasikan Excel dan Power Point</li>
<li>Memiliki keterampilan laboratorium yang baik</li>
<li>Memiliki penciuman yang bagus (bukan anosmik)</li>
<li>Orang yang ulet dengan Integritas, Berpikir Positif, Dinamis (Aktif, Persuasif, Percaya Diri &amp; Independen), Disiplin, Suka</li>
<li>Tantangan dan Belajar Hal-hal Baru, dan Sehat Jasmani dan Rohani</li>
<li>Bersedia Bekerja di Bawah Tekanan, Kerja lembur, Menangani pekerjaan kompleks, dan Mampu Bekerja secara individu dan tim</li>
<li>Jam Kerja: Senin hingga Jumat: 08:00 ‚Äì 17:00</li>
<li>Proses Rekrutmen dan Penempatan Kerja di Cakung ‚Äì Jakarta Timur</li>
</ol>
<h5>2. Staff Marketing ‚Äì Assistant Brand Manager</h5>
<p>Requirement:</p>
<ol>
<li>Lulusan Baru atau Berpengalaman Kerja sebagai Staf Pemasaran Branding (diutamakan dari Perusahaan FMCG)</li>
<li>Sarjana (S1) ‚Äì Semua Jurusan (diutamakan yang memiliki background Ekonomi atau Marketing atau Manajemen atau</li>
<li>Komunikasi Pemasaran atau Ilmu Komunikasi atau Komunikasi Massa atau Hubungan Masyarakat), dari Universitas Ternama, dengan IPK minimal 3.00</li>
<li>Fasih dalam Bahasa Inggris (lisan dan tulisan)</li>
<li>Mahir mengoperasikan Excel dan Power Point</li>
<li>Kreatif, Bertanggung jawab, Dapat diandalkan, Bisa bekerja dalam Tim, Inisiatif tinggi</li>
<li>Keterampilan komunikasi dan interpersonal yang sangat baik dengan kemampuan untuk beradaptasi dengan budaya dan lingkungan baru secara efektif, Memiliki Kepribadian dan Sikap yang baik, Berpenampilan Menarik, Menyukai Tantangan dan</li>
<li>Belajar hal-hal baru, dan Sehat Jasmani dan Rohani</li>
<li>Bersedia Bekerja di bawah tekanan dan Kerja lembur</li>
<li>Jam kerja: Senin ‚Äì Jumat: 08:00 ‚Äì 17:00</li>
<li>Proses Perekrutan dan Penempatan Kerja di Cakung ‚Äì Jakarta Timur</li>
</ol>
<h5>3. Staff Marketing Designer and Multimedia</h5>
<p>Requirement:</p>
<ol>
<li>Lulusan Baru atau Maksimal 3 tahun pengalaman kerja sebagai Desainer Grafis</li>
<li>Sarjana (S1) ‚Äì Desain Grafis atau Desain Komunikasi Visual atau Multimedia Kreatif, dari Universitas Ternama, dengan IPK minimal 3,00</li>
<li>Mahir dalam mengoperasikan Photoshop, Corel Draw, dan Adobe Illustrator</li>
<li>Memiliki keterampilan menggambar sketsa tangan lebih disukai</li>
<li>Kreatif, Bertanggung jawab, Dapat diandalkan, Mampu bekerja dalam Tim, Inisiatif Tinggi, Berjiwa Seni Tinggi, dan</li>
<li>Keterampilan memecahkan masalah</li>
<li>Kemampuan komunikasi dan interpersonal yang sangat baik dengan kemampuan untuk beradaptasi dengan budaya dan lingkungan baru secara efektif, Memiliki Kepribadian dan Sikap yang Baik, Suka belajar hal-hal baru, dan Sehat Jasmani dan Rohani</li>
<li>Pengalaman bekerja di lingkungan yang dinamis adalah keuntungan yang kuat</li>
<li>Bersedia Bekerja di bawah tekanan dan Kerja lembur</li>
<li>Jam Kerja: Senin ‚Äì Jumat: 08:00 ‚Äì 17.00</li>
<li>Proses Perekrutan dan Penempatan Kerja di Cakung ‚Äì Jakarta Timur</li>
<li>Mohon sertakan Portofolio berisi hasil karya Anda</li>
</ol>
<h5>4. Staff Produksi Injection &amp; Blowing</h5>
<p>Requirement:</p>
<ol>
<li>Sarjana (S1) ‚Äì Teknik Mesin, dengan IPK minimal 3,00</li>
<li>Lulusan Baru atau Maksimal 2 tahun Pengalaman Kerja sebagai Staf Produksi Injection &amp; Blowing</li>
<li>Menyukai bekerja di Lapangan</li>
<li>Teliti, Fokus, dan Tidak mudah bosan</li>
<li>Mahir mengoperasikan Excel, Power Point, dan SAP</li>
<li>Orang yang ulet dengan Integritas, Berpikir Positif, Dinamis (Aktif, Persuasif, Percaya Diri &amp; Independen), Berinovasi, Disiplin,</li>
<li>Suka Tantangan dan Belajar Hal-hal Baru, Sehat Jasmani dan Rohani</li>
<li>Bersedia Bekerja Shift (3-Shifts or 4-Groups), Bekerja di Bawah Tekanan, Kerja lembur, Menangani pekerjaan kompleks, dan Mampu Bekerja secara individu dan tim</li>
<li>Proses Rekrutmen dan Penempatan Kerja di Cakung ‚Äì Jakarta Timur</li>
</ol>
<h5>5. Staff Produksi Kosmetik</h5>
<p>Requirement:</p>
<ol>
<li>Sarjana (S1) ‚Äì Teknik Elektro (Arus Kuat atau Arus Lemah), dengan IPK minimal 3,00</li>
<li>Lulusan Baru atau Maksimal 2 tahun Pengalaman Kerja sebagai Staf Produksi Kosmetik atau Farmasi</li>
<li>Menyukai bekerja di Lapangan Produksi</li>
<li>Teliti, Kuat di Analisa, Fokus, dan Tidak mudah bosan</li>
<li>Mahir mengoperasikan Excel, Power Point, dan SAP</li>
<li>Orang yang ulet dengan Integritas, Berpikir Positif, Dinamis (Aktif, Persuasif, Percaya Diri &amp; Independen), Berinovasi, Disiplin,</li>
<li>Suka Tantangan dan Belajar Hal-hal Baru, Sehat Jasmani dan Rohani</li>
<li>Bersedia Bekerja Shift (3-Shifts), Bekerja di Bawah Tekanan, Kerja lembur, Menangani pekerjaan kompleks, dan Mampu Bekerja secara individu dan tim</li>
<li>Proses Rekrutmen dan Penempatan Kerja di Cakung ‚Äì Jakarta Timur</li>
</ol>
<h5>6. Staff Maintenance Electric</h5>
<p>Requirement:</p>
<ol>
<li>Sarjana (S1) ‚Äì Teknik Elektro (Arus Kuat atau Arus Lemah), dengan IPK minimal 3,00</li>
<li>Lulusan baru atau Minimal 2 tahun Pengalaman Kerja sebagai Staff Maintenance Elektrik (Kelistrikan) atau Engineering</li>
<li>Menyukai bekerja pada Divisi Maintenance Elektrik atau Engineering</li>
<li>Suka Bekerja di Lapangan (Pabrik Produksi)</li>
<li>Teliti, Fokus, dan Tidak mudah bosan</li>
<li>Mahir mengoperasikan Excel, Power Point, dan SAP lebih disukai</li>
<li>Orang yang ulet dengan Integritas, Berpikir Positif, Dinamis (Aktif, Persuasif, Percaya Diri &amp; Independen), Berinovasi, Disiplin,</li>
<li>Suka Tantangan dan Belajar Hal-hal Baru, dan Sehat Jasmani dan Rohani</li>
<li>Bersedia Bekerja Shift (3-Shifts), Bekerja di Bawah Tekanan, Kerja lembur, Menangani pekerjaan kompleks, dan Mampu Bekerja secara individu dan tim</li>
<li>Proses Rekrutmen dan Penempatan Kerja di Cakung ‚Äì Jakarta Timur</li>
</ol>
<p>Benefits:</p>
<ol>
<li>Makan siang</li>
<li>Tunjangan Shift (Khusus untuk Shift 2 dan Shift 3)</li>
<li>Pajak ditanggung oleh Perusahaan 100%</li>
<li>Asuransi Kesehatan (hingga anak ketiga)</li>
<li>BPJS (hingga anak ketiga)</li>
<li>Jaminan Pensiun (Jaminan Pensiun)</li>
<li>Sisa cuti yang tidak digunakan dapat diuangkan</li>
<li>Tunjangan Hari Raya (THR) 2x gaji, setelah 1 tahun masa kerja</li>
</ol>
<hr/>
<p style=""text-align: center;"">Send your complete CV, Your Recent Photograph, Yout Last and Expected Salary to:</p>
<p style=""text-align: center;"">career@lionwings.com<br/>
Subject: Your applied position_disnakerja.com (Ex. Staff Pengembangan Fragrance dan Flavour_Disnakerja.com)</p>
<p style=""text-align: center;"">Or apply through at link below:</p>
<p style=""text-align: center;""><a class=""button"" href=""http://lionwings.com/id/karir"" rel=""noopener noreferrer"" style=""vertical-align: middle;"" target=""_blank""><button> Apply </button></a></p>
<p style=""text-align: center;"">* Only short listed candiates will be notified.<br/>
* Note: All Recruitment Processes at PT Lion Wings are free of charge.</p>
 ","
Send your complete CV, Your Recent Photograph, Yout Last and Expected Salary to:
career@lionwings.com, Subject: Your applied position_disnakerja.com (Ex. Staff Pengembangan Fragrance dan Flavour_Disnakerja.com)
Or apply through at link below:
 Apply 
http://lionwings.com/id/karir
* Only short listed candiates will be notified., * Note: All Recruitment Processes at PT Lion Wings are free of charge.",8,"[7, 6, 5, 4, 3, 2, 1, 0]"
4,4,PT Trans Business Corpora (CNBC Indonesia),"['1. Camera Person', '2. IT Infrastruktur']","[[['', 'Responsible for recording and capturing all news package using multiple camera', 'Implement rough cut for each shot', 'Have experience as news campers', 'Have a great attitude', 'Willing to work in long hours', '']], [['', 'Berpengalaman min 1 tahun atau fresgraduate', 'Latar belakang pendidikan Informasi Teknologi', 'Memahami OS windows/linux/ jaringan/hardware/software/IP address/!P PBX', 'Mampu melakukan Installasi & trouble shoting PC/jaringan', 'Bersedia bekerja sistem shift', '']]]","[['Requirements'], ['Requirements']]",E:/Belajar/www.disnakerja.com/images/PT Trans Business Corpora (CNBC Indonesia).jpg,"['Bagi Anda yang berminat, silahkan mengirimkan lamaran ke :', 'career@cnbcindonesia.com, Subjek: Posisi yang dilamar']","December 25, 2020",https://www.disnakerja.com/job/lowongan-kerja-consumer-news-and-business-channel-cnbc-indonesia/,"
<p style=""text-align: justify;"">Consumer News and Business Channel Indonesia (disingkat CNBC Indonesia) adalah sebuah stasiun televisi dan situs berita bisnis milik Trans Media bekerjasama dengan NBC Universal International. Portal berita CNBC Indonesia diluncurkan pada 8 Februari 2018. CNBC Indonesia hadir untuk menyampaikan informasi-informasi, makro ekonomi, pasar modal, perbankan, industri keuangan lainnya, komoditas, manufaktur, ekonomi internasional serta politik, hukum dan hankam yang mempengaruhi dinamika ekonomi nasional secara komprehensif.</p>
<p style=""text-align: justify;"">Sisi lain, CNBC Indonesia menyadari, perkembangan teknologi informasi yang cepat telah membentuk kelompok-kelompok pembaca yang punya keunikan tersendiri. Para baby boomers dan millenial punya cara dan kepentingan berbeda dalam menyerap informasi. Untuk itu, kami tidak hanya menyampaikan informasi tersebut melalui kanal website, tetapi juga melalui sosial media dengan berbagai macam platform. CNBC Indonesia merupakan media massa online yang terafiliasi dengan CNBC Internasional. CNBC Indonesia merupakan bagian dari detiknetwork di bawah Grup Transmedia.</p>
<p style=""text-align: justify;"">Saat ini CNBC Indonesia kembali membuka lowongan kerja terbaru pada bulan Desember 2020 . Adapun dibawah ini adalah posisi jabatan yang saat ini tersedia bagi Anda para pencari kerja yang tertarik untuk mengembangkan karir Anda bersama CNBC Indonesia dengan kualifikasi sebagai berikut.</p>
<hr/>
<h5>1. Camera Person</h5>
<p>Requirements</p>
<ol>
<li>Responsible for recording and capturing all news package using multiple camera</li>
<li>Implement rough cut for each shot</li>
<li>Have experience as news campers</li>
<li>Have a great attitude</li>
<li>Willing to work in long hours</li>
</ol>
<h5>2. IT Infrastruktur</h5>
<p>Requirements</p>
<ol>
<li>Berpengalaman min 1 tahun atau fresgraduate</li>
<li>Latar belakang pendidikan Informasi Teknologi</li>
<li>Memahami OS windows/linux/ jaringan/hardware/software/IP address/!P PBX</li>
<li>Mampu melakukan Installasi &amp; trouble shoting PC/jaringan</li>
<li>Bersedia bekerja sistem shift</li>
</ol>
<hr/>
<p style=""text-align: center;"">Bagi Anda yang berminat, silahkan mengirimkan lamaran ke :</p>
<p style=""text-align: center;"">career@cnbcindonesia.com<br/>
Subjek: Posisi yang dilamar</p>
 ","
Bagi Anda yang berminat, silahkan mengirimkan lamaran ke :
career@cnbcindonesia.com, Subjek: Posisi yang dilamar",4,"[3, 2, 1, 0]"
5,5,PT Yakult Indonesia Persada,"['1. Budgeting Specialist', '2. Internal Audit']","[[['', 'Membuat, menganalisa dan mengontrol budget perusahaan.', 'Melakukan setup dan maintain sistem i-banking.', 'Menganalisa permintaan leasing.', 'Mengembangkan proyek terkait finance.', ''], ['', 'Usia minimal 26 tahun.', 'Pendidikan Minimal S1 Jurusan Akuntansi / Ekonomi / Administrasi Niaga.', 'Mempunyai pengalaman kerja minimal 3 tahun.', 'Dapat mengoperasikan program Ms. Office.', '']], [['', 'Usia maksimal 25 tahun', 'Pendidikan minimal S1 Jurusan Akuntansi/ Manajemen Keuangan', 'Mampu mengoperasikan komputer (Ms. Office)', 'Memiliki SIM A/C', 'Pengalaman kerja tidak mutlak', '']]]","[['Tugas Pokok', 'Kualifikasi:'], ['Kualifikasi']]",E:/Belajar/www.disnakerja.com/images/PT Yakult Indonesia Persada.jpg,"['Bagi Anda yang berminat, silahkan mengirimkan CV ke:', 'recruitment@yakult.co.id dengan subject (Posisi yang dilamar_sumber info)']","December 25, 2020",https://www.disnakerja.com/job/lowongan-kerja-pt-yakult-indonesia-persada/,"
<p style=""text-align: justify;"">PT Yakult Indonesia Persada berdiri di Indonesia sejak tahun 1990, sebagai pemegang lisensi dari Yakult Honsa Co.,LTD.,Jepang. Pada tahun ini tepatnya tanggal 5 Mei 2017, Politeknik Pos Indonesia mengadakan kunjungan industri khususnya untuk diploma 3 jurusan Teknik Informatika tingkat 2. Dengan mengunjungi PT Yakult Indonesia Persada yang berada di Cicurug tepatnya kawasan Industri Indolakto, Jl. Siliwangi Desa, Pesawahan,Kec.Cicurug, Sukabumi, Jawa Barat.</p>
<p style=""text-align: justify;"">Merupakan sebuah perusahaan yang berada di Kabupaten Sukabumi, tepatnya di Kecamatan Cicurug dan bertempat di Kawasan Industri Indolakto. Salah satu perusahaan besar di Sukabumi. Perusahaan ini bergerak di bidang pengolahan minuman probiotik. Yakult adalah minuman susu Fermentasi. Penemu susu fermentasi ini adalah ahli mikrobiologi Jepang bernama Dr.Minoru Shirota. Beliau berasal dari Kyoto Imperial University-Jepang. Pada Tahun 1921 Dr.Minoru Shirota meneliti bakteri baik dan berguna yang kemudian dinamakan L.casei Shirota strain. Bakteri ini berhasil dikembangbiakan pada tahun 1930. Pengenalan bakteri ini dilakukan pada tahun 1935. Pusat penelitian susu fermentasi ini berada di Yakult Central Institut yang didirikan tahun 1967. Tiga ratus tenaga ahli melakukan penelitian tentang manfaat bakteri yang menguntungkan bagi manusia. Keunggulan Yakult antara lain : aman bagi manusia, tahan asam lambung, bakteri tetap hidup sampai di usus kecil.</p>
<p style=""text-align: justify;"">Saat ini PT Yakult Indonesia Persada kembali membuka lowongan kerja terbaru pada bulan Desember 2020. Adapun dibawah ini adalah posisi jabatan yang saat ini tersedia bagi Anda para pencari kerja yang tertarik untuk mengembangkan karir Anda bersama PT Yakult Indonesia Persada dengan kualifikasi sebagai berikut.</p>
<hr/>
<h5>1. Budgeting Specialist</h5>
<p>Tugas Pokok</p>
<ol>
<li>Membuat, menganalisa dan mengontrol budget perusahaan.</li>
<li>Melakukan setup dan maintain sistem i-banking.</li>
<li>Menganalisa permintaan leasing.</li>
<li>Mengembangkan proyek terkait finance.</li>
</ol>
<p>Kualifikasi:</p>
<ol>
<li>Usia minimal 26 tahun.</li>
<li>Pendidikan Minimal S1 Jurusan Akuntansi / Ekonomi / Administrasi Niaga.</li>
<li>Mempunyai pengalaman kerja minimal 3 tahun.</li>
<li>Dapat mengoperasikan program Ms. Office.</li>
</ol>
<h5>2. Internal Audit</h5>
<p>Kualifikasi</p>
<ol>
<li>Usia maksimal 25 tahun</li>
<li>Pendidikan minimal S1 Jurusan Akuntansi/ Manajemen Keuangan</li>
<li>Mampu mengoperasikan komputer (Ms. Office)</li>
<li>Memiliki SIM A/C</li>
<li>Pengalaman kerja tidak mutlak</li>
</ol>
<hr/>
<p style=""text-align: center;"">Bagi Anda yang berminat, silahkan mengirimkan CV ke:</p>
<p style=""text-align: center;"">recruitment@yakult.co.id dengan subject (Posisi yang dilamar_sumber info)</p>
 ","
Bagi Anda yang berminat, silahkan mengirimkan CV ke:
recruitment@yakult.co.id dengan subject (Posisi yang dilamar_sumber info)",4,"[3, 2, 1, 0]"
6,6,Pertamina Foundation,"['1. Content Writer', '2. Design Graphic', '3. Video Production', '4. Social Media Admin', '5. Asset Intern', '6. Program Support', '7. Legal Intern']","[[['', 'Telah menyelesaikan Semester 5 atau Fresh Graduate', 'Minimal IPK 3,0 skala 4,0', 'Memiliki background jurusan DKV, komunikasi, dan jurnalistik lebih diprioritaskan', 'Menguasai tema dari program-program unggulan Pertamina Foundation', 'Mahir menulis konten dan editing dalam bidang copy writing Supel, komunikatif, ulet dan paham dunia desain, videografi ataupun marketing', 'Melampirkan portofolio berisi rancangan konten hasil buatan sendiri', '']], [['', 'Telah menyelesaikan Semester 5 atau Fresh Graduate', 'Minimal IPK 3,0 skala 4,0', 'Memiliki background jurusan DKV, komunikasi, dan jurnalistik lebih diprioritaskan', 'Mahir mengoperasikan Adobe Creative Suite, Corel Draw, baik Adobe Illustrator dan Photoshop', 'Memiliki ide kreatif dan sense of interactive colors', 'Teliti terhadap detail tulisan pada gambar yang didesain', 'Memiliki pengetahuan yang luas terkait desain dan tren media sosial', 'Melampirkan portofolio berisi desain grafis hasil buatan sendiri', '']], [['', 'Telah menyelesaikan Semester 5 atau Fresh Graduate', 'Minimal IPK 3,0 skala 4,0', 'Berpengalan dalam dunia fotografer dan videografer demi kepentingan organisasi/instansi dan pribadi', 'Mahir mengedit foto dan video', 'Memiliki konsep pengambilan gambar atau video yang unik teliti terhadap detail gambar dan transisi video', 'Mahir mengoperasikan Adobe Premier, After Effect atau aplikasi edit video yang lainnya', 'Memiliki gadget atau laptop pribadi yang memadai untuk mengedit foto atau video', 'Melampirkan portofolio berisi video editing hasil buatan sendiri', '']], [['', 'Telah menyelecaiken Semester 5 ateu Frech Graduate', 'Minimal IPK 3,0 skata 4,0', 'Memiliki background jurusan DKV, komunikasi, dan jurnalistik lebih diprioritaskan', 'Mampu menganalisis dan mengelola instagram feed dan stories', 'Menguasai tema dari program-program unggulan PF', 'Mampu membuat caption yang sangat menarik', 'Mampu menciptakan strategi dan ide-ide kreatif untuk postingan instagram', 'Mampu menjadi eksekutor social media campaign and management untuk meningkatkan trafik grafik dan fans followers', 'Mampu menjawab dm dengan bahasa yang sopan dan interaktif', 'Mampu membuat laporan social media dan laporan media monitoring', 'Memahami tracking perilisan berita', 'Mampu menulis press release dan teliti terhadap kesalahan penulisan', 'Mampu menulis narasi broadcast', 'Melampirkan portofolio berisi kerys tulis etau ception media monitoring hasil tulisan sendiri', '']], [['', 'Telah menyelesaikan Semester 5 atau Fresh Graduate', 'Tanpa Minimal IPK', 'Memiliki backround jurusan Hukum/Teknik Sipil/Arsitektur/Manajemen diutamakan', 'Mempunyai keterampilan pengoperasian komputer (microsoft office)', 'Mempunyai kemampuan penyajian & penulisan laporan serta kemampuan administrasi', 'Mempunya kemampuan komunikasi dan interpersonal skills', '']], [['', 'Telah menyelesaikan Semester 5 atau Fresh Graduate', 'Minimal IPK 3,0 skala 4,0', 'Memiliki Backround jurusan administrasi perkantoran dan ilmu sosial', 'Memamahi tentang Community Development (Pemberdayaan Masyarakat)', 'Mempunyai kemampuan filling atau rekap data', 'Dapat membuat surat menyurat', 'Diutamakan domisili Jabodetabek dan bersedia datang ke kantor jika dibutuhkan', '']], [['', 'Telah menyelesaikan Semester 5 atau Fresh Graduate', 'Minimal IPK 3,0 skala 4,0', 'Memiliki background jurusan hukum', 'Dapat mengoperasikan microsoft office', 'Memahami korespondensi dan standar operasi prosedur', 'Memahami dasar kontrak kerjasama atau perjanjian', 'Mampu berkomunikasi dengan baik dan kemampuan negosiasi', 'Melampirkan dokumen pendukung', '']]]","[['Kualifikasi'], ['Kualifikasi'], ['Kualifikasi'], ['Kualifikasi'], ['Kualifikasi'], ['Kualifikasi'], ['Kualifikasi']]",E:/Belajar/www.disnakerja.com/images/Pertamina Foundation.jpg,"['Bagi Anda yang berminat, silahkan mendaftarkan diri secara online ke:', ' Apply ', 'https://docs.google.com/forms/d/e/1FAIpQLSdy30k9yoWN9NOl9rvVp_-9LMbbgk08467qDIG1SinwD-oQQg/viewform', 'Dan mengirimkan CV dan dokumen pendukung lainnya ke email:', 'internship@pertaminafoundation.org (Subjek: Internship ‚Äì Posisi ‚Äì Nama)', 'Paling lambat: 03 Januari 2021']","December 25, 2020",https://www.disnakerja.com/job/lowongan-kerja-pertamina-foundation/,"
<p style=""text-align: justify;"">Pertamina Foundation hadir untuk meningkatkan efektivitas kegiatan terkait tanggung jawab sosial dan lingkungan perusahaan melalui program terintegrasi, fokus, berdampak luas serta berkesinambungan. Didirikan dengan nama awal Yayasan Kesejahteraan Pegawai Pertamina (YKPP) pada tanggal 15 Mei 1986 oleh PT. Pertamina (Persero). Setelah 25 tahun berjalan, YKPP yang bergerak pada bidang sosial dan kemanusiaan disempurnakan dan berganti nama menjadi Yayasan Pertamina atau Pertamina Foundation pada tanggal 12 Januari 2011.</p>
<p style=""text-align: justify;"">Dengan visi yang diusung yaitu menjadi yayasan pemberdayaan masyarakat dibidang pendidikan, sosial dan lingkungan yang masuk dalam jajaran foundation yang terpercaya di Indonesia.</p>
<p style=""text-align: justify;"">Inisiatif Pertamina Foundation melalui berbagai kegiatan kreatif di bidang pendidikan, pemberdayaan masyarakat, lingkungan dan sosial bisnis untuk mendukung pencapaian kehidupan masyarakat yang lebih baik. Program Inovasi Sosial, Pemberdayaan Masyarakat, Pendidikan, serta Program Magang dan Relawan, ditujukan untuk membantu pengembangan SDM unggul, berkualitas dan peduli lingkungan serta meningkatkan kualitas hidup dan kemandirian masyarakat.</p>
<p style=""text-align: justify;"">Kami membuka kesempatan bagi mahasiswa/ mahasiswi dari berbagai kejuruan untuk berkontribusi secara langsung dan menciptakan pengalaman baru bersama kami. Melalui program magang yang diadakan oleh Pertamina Foundation, Anda bisa mengembangkan potensi diri dan meningkatkan pengetahuan seputar dunia profesi lewat praktik secara langsung</p>
<hr/>
<h5>1. Content Writer</h5>
<p>Kualifikasi</p>
<ol>
<li>Telah menyelesaikan Semester 5 atau Fresh Graduate</li>
<li>Minimal IPK 3,0 skala 4,0</li>
<li>Memiliki background jurusan DKV, komunikasi, dan jurnalistik lebih diprioritaskan</li>
<li>Menguasai tema dari program-program unggulan Pertamina Foundation</li>
<li>Mahir menulis konten dan editing dalam bidang copy writing Supel, komunikatif, ulet dan paham dunia desain, videografi ataupun marketing</li>
<li>Melampirkan portofolio berisi rancangan konten hasil buatan sendiri</li>
</ol>
<h5>2. Design Graphic</h5>
<p>Kualifikasi</p>
<ol>
<li>Telah menyelesaikan Semester 5 atau Fresh Graduate</li>
<li>Minimal IPK 3,0 skala 4,0</li>
<li>Memiliki background jurusan DKV, komunikasi, dan jurnalistik lebih diprioritaskan</li>
<li>Mahir mengoperasikan Adobe Creative Suite, Corel Draw, baik Adobe Illustrator dan Photoshop</li>
<li>Memiliki ide kreatif dan sense of interactive colors</li>
<li>Teliti terhadap detail tulisan pada gambar yang didesain</li>
<li>Memiliki pengetahuan yang luas terkait desain dan tren media sosial</li>
<li>Melampirkan portofolio berisi desain grafis hasil buatan sendiri</li>
</ol>
<h5>3. Video Production</h5>
<p>Kualifikasi</p>
<ol>
<li>Telah menyelesaikan Semester 5 atau Fresh Graduate</li>
<li>Minimal IPK 3,0 skala 4,0</li>
<li>Berpengalan dalam dunia fotografer dan videografer demi kepentingan organisasi/instansi dan pribadi</li>
<li>Mahir mengedit foto dan video</li>
<li>Memiliki konsep pengambilan gambar atau video yang unik teliti terhadap detail gambar dan transisi video</li>
<li>Mahir mengoperasikan Adobe Premier, After Effect atau aplikasi edit video yang lainnya</li>
<li>Memiliki gadget atau laptop pribadi yang memadai untuk mengedit foto atau video</li>
<li>Melampirkan portofolio berisi video editing hasil buatan sendiri</li>
</ol>
<h5>4. Social Media Admin</h5>
<p>Kualifikasi</p>
<ol>
<li>Telah menyelecaiken Semester 5 ateu Frech Graduate</li>
<li>Minimal IPK 3,0 skata 4,0</li>
<li>Memiliki background jurusan DKV, komunikasi, dan jurnalistik lebih diprioritaskan</li>
<li>Mampu menganalisis dan mengelola instagram feed dan stories</li>
<li>Menguasai tema dari program-program unggulan PF</li>
<li>Mampu membuat caption yang sangat menarik</li>
<li>Mampu menciptakan strategi dan ide-ide kreatif untuk postingan instagram</li>
<li>Mampu menjadi eksekutor social media campaign and management untuk meningkatkan trafik grafik dan fans followers</li>
<li>Mampu menjawab dm dengan bahasa yang sopan dan interaktif</li>
<li>Mampu membuat laporan social media dan laporan media monitoring</li>
<li>Memahami tracking perilisan berita</li>
<li>Mampu menulis press release dan teliti terhadap kesalahan penulisan</li>
<li>Mampu menulis narasi broadcast</li>
<li>Melampirkan portofolio berisi kerys tulis etau ception media monitoring hasil tulisan sendiri</li>
</ol>
<h5>5. Asset Intern</h5>
<p>Kualifikasi</p>
<ol>
<li>Telah menyelesaikan Semester 5 atau Fresh Graduate</li>
<li>Tanpa Minimal IPK</li>
<li>Memiliki backround jurusan Hukum/Teknik Sipil/Arsitektur/Manajemen diutamakan</li>
<li>Mempunyai keterampilan pengoperasian komputer (microsoft office)</li>
<li>Mempunyai kemampuan penyajian &amp; penulisan laporan serta kemampuan administrasi</li>
<li>Mempunya kemampuan komunikasi dan interpersonal skills</li>
</ol>
<h5>6. Program Support</h5>
<p>Kualifikasi</p>
<ol>
<li>Telah menyelesaikan Semester 5 atau Fresh Graduate</li>
<li>Minimal IPK 3,0 skala 4,0</li>
<li>Memiliki Backround jurusan administrasi perkantoran dan ilmu sosial</li>
<li>Memamahi tentang Community Development (Pemberdayaan Masyarakat)</li>
<li>Mempunyai kemampuan filling atau rekap data</li>
<li>Dapat membuat surat menyurat</li>
<li>Diutamakan domisili Jabodetabek dan bersedia datang ke kantor jika dibutuhkan</li>
</ol>
<h5>7. Legal Intern</h5>
<p>Kualifikasi</p>
<ol>
<li>Telah menyelesaikan Semester 5 atau Fresh Graduate</li>
<li>Minimal IPK 3,0 skala 4,0</li>
<li>Memiliki background jurusan hukum</li>
<li>Dapat mengoperasikan microsoft office</li>
<li>Memahami korespondensi dan standar operasi prosedur</li>
<li>Memahami dasar kontrak kerjasama atau perjanjian</li>
<li>Mampu berkomunikasi dengan baik dan kemampuan negosiasi</li>
<li>Melampirkan dokumen pendukung</li>
</ol>
<hr/>
<p style=""text-align: center;"">Bagi Anda yang berminat, silahkan mendaftarkan diri secara online ke:</p>
<p style=""text-align: center;""><a class=""button"" href=""https://docs.google.com/forms/d/e/1FAIpQLSdy30k9yoWN9NOl9rvVp_-9LMbbgk08467qDIG1SinwD-oQQg/viewform"" rel=""noopener noreferrer"" style=""vertical-align: middle;"" target=""_blank""><button> Apply </button></a></p>
<p style=""text-align: center;"">Dan mengirimkan CV dan dokumen pendukung lainnya ke email:</p>
<p style=""text-align: center;"">internship@pertaminafoundation.org (Subjek: Internship ‚Äì Posisi ‚Äì Nama)</p>
<p style=""text-align: center;"">Paling lambat: 03 Januari 2021</p>
 ","
Bagi Anda yang berminat, silahkan mendaftarkan diri secara online ke:
 Apply 
https://docs.google.com/forms/d/e/1FAIpQLSdy30k9yoWN9NOl9rvVp_-9LMbbgk08467qDIG1SinwD-oQQg/viewform
Dan mengirimkan CV dan dokumen pendukung lainnya ke email:
internship@pertaminafoundation.org (Subjek: Internship ‚Äì Posisi ‚Äì Nama)
Paling lambat: 03 Januari 2021",9,"[8, 7, 6, 5, 4, 3, 2, 1, 0]"
7,7,PT AKR Corporindo Tbk,"['1. Driver Land Transport', '2. Invoicing', '3. Driver Management', '4. Cashier / F&A']","[[['', 'Melakukan pengiriman barang sesuai dengan rute dan jadwal pengiriman', 'Melakukan aktivitas pemeliharaan terhadap kendaraan', 'Mengoperasikan truk sesuai dengan standard keselamatan kerja perusahaan', ''], ['', 'Laki-laki, usia maksimal 40', 'Pendidikan minimal SMA/Sederajat', 'Memiliki pengalaman mengemudi truk minimal 3 tahun', 'Memiliki SIM BIL Umum', 'Menguasai area Kalselteng', 'Penempatan Banjarmasin & Muara Teweh', '']], [['', 'Administrator invoicing activities for Branch', 'Ensure completeness and accuracy of invoice supporting documents', 'Prepare Sales Invoice and invoice receipt', 'Coordinate with expedition, collector and distribution to manage invoice delivery and entry into the system', 'Check the expedition billing invoice for invoice delivery every month', 'Conduct invoicing & collection reconciliation and adjustment activities', ''], ['', 'Candidate must posses min. Bachelor Degree from Finance & Accounting,', 'Having at least 3 years of experience in the same function', 'Knowledge in Taxes and related regulation', 'Detail oriented and well organized', 'Placement in Kotabaru, Kalsel', '']], [['', 'Manage driver management activities at physical transportation according to procedure (SOP) and requirements', 'Responsible for performing Safety, Health and Environment activities', 'Manage administrative and reporting duties within own department', 'Facilitate development of competent human resource and conducive working environment', ''], ['', 'Candidate must possess at least Bachelor‚Äôs Degree (prefereably from Engineering or HR)', 'At least 3-5 years of working experience in Logistic/Transportation or equivaient.', 'Knowledge in Basic Safety for Transportation', 'Understand route and locations in Kaisetteng', 'Processed & placement in Banjarmasin', '']], [['', 'Support Branch bank receipt and payment activities', 'Handle petty cash & Branch cashier reconciliation and adjustment activities', 'Ensure transactions are recorded timely and accurate', 'Ensure correct amount, payee, and on time payment and to avoid penalties', 'Apply due care when reviewing request for payments', 'Ensure payment request has been approved as per authorization list', 'Perform necessary journal entries and adjustments if needed for month end closing', ''], ['', 'Male, Max 35 years old', 'Min Bachelor Degree from Finance & Accounting,', 'Having at least 3 years of experience in the same function', 'Detail oriented and well organized', 'Processed & placement in Banjarmasin', '']]]","[['Job Descriptions :', 'Job Requirements:'], ['DESCRIPTIONS :', 'QUALIFICATIONS :'], ['Job Descriptions :', 'Job Requirements:'], ['JOB DESCRIPTIONS :', 'JOB QUALIFICATIONS :']]",E:/Belajar/www.disnakerja.com/images/PT AKR Corporindo Tbk.jpg,"['Kirim CV terbaru Anda ke :', 'yogi.anandito@akr.co.id (posisi 1), tiara.ikahana@akr.co.id (posisi 2,3 dan 4)']","December 25, 2020",https://www.disnakerja.com/job/lowongan-kerja-pt-akr-corporindo-tbk/,"
<p style=""text-align: justify;"">PT AKR Corporindo Tbk adalah perusahaan logistik dan rantai pasokan terkemuka yang bergerak di bidang perdagangan dan distribusi bahan bakar minyak dan kimia dasar. Dengan jaringan sarana transportasi, pelabuhan, dan penyimpanan curah cair dan kering yang luas. Di tengah tingginya biaya logistik di Indonesia, PT AKR Corporindo Tbk menawarkan solusi rantai pasokan yang inovatif dan efisien. AKR siap mendukung pengembangan industri di Indonesia dan sedang dalam tahap pengembangan kawasan industri terpadu dan pelabuhan di Jawa Timur. Kawasan ini akan menyediakan logistik, energi, dan solusi infrastruktur untuk investasi industri di Indonesia.</p>
<p style=""text-align: justify;"">Saat ini PT AKR Corporindo Tbk kembali membuka lowongan kerja terbaru pada bulan Desember 2020. Adapun dibawah ini adalah posisi jabatan yang saat ini tersedia bagi Anda para pencari kerja yang tertarik untuk mengembangkan karir Anda bersama PT AKR Corporindo Tbk dengan kualifikasi sebagai berikut.</p>
<h4 style=""text-align: center;"">Lowongan Kerja PT AKR Corporindo Tbk</h4>
<hr/>
<h5>1. Driver Land Transport</h5>
<p>Job Descriptions :</p>
<ol>
<li>Melakukan pengiriman barang sesuai dengan rute dan jadwal pengiriman</li>
<li>Melakukan aktivitas pemeliharaan terhadap kendaraan</li>
<li>Mengoperasikan truk sesuai dengan standard keselamatan kerja perusahaan</li>
</ol>
<p>Job Requirements:</p>
<ol>
<li>Laki-laki, usia maksimal 40</li>
<li>Pendidikan minimal SMA/Sederajat</li>
<li>Memiliki pengalaman mengemudi truk minimal 3 tahun</li>
<li>Memiliki SIM BIL Umum</li>
<li>Menguasai area Kalselteng</li>
<li>Penempatan Banjarmasin &amp; Muara Teweh</li>
</ol>
<h5>2. Invoicing</h5>
<p>DESCRIPTIONS :</p>
<ol>
<li>Administrator invoicing activities for Branch</li>
<li>Ensure completeness and accuracy of invoice supporting documents</li>
<li>Prepare Sales Invoice and invoice receipt</li>
<li>Coordinate with expedition, collector and distribution to manage invoice delivery and entry into the system</li>
<li>Check the expedition billing invoice for invoice delivery every month</li>
<li>Conduct invoicing &amp; collection reconciliation and adjustment activities</li>
</ol>
<p>QUALIFICATIONS :</p>
<ol>
<li>Candidate must posses min. Bachelor Degree from Finance &amp; Accounting,</li>
<li>Having at least 3 years of experience in the same function</li>
<li>Knowledge in Taxes and related regulation</li>
<li>Detail oriented and well organized</li>
<li>Placement in Kotabaru, Kalsel</li>
</ol>
<h5>3. Driver Management</h5>
<p>Job Descriptions :</p>
<ol>
<li>Manage driver management activities at physical transportation according to procedure (SOP) and requirements</li>
<li>Responsible for performing Safety, Health and Environment activities</li>
<li>Manage administrative and reporting duties within own department</li>
<li>Facilitate development of competent human resource and conducive working environment</li>
</ol>
<p>Job Requirements:</p>
<ol>
<li>Candidate must possess at least Bachelor‚Äôs Degree (prefereably from Engineering or HR)</li>
<li>At least 3-5 years of working experience in Logistic/Transportation or equivaient.</li>
<li>Knowledge in Basic Safety for Transportation</li>
<li>Understand route and locations in Kaisetteng</li>
<li>Processed &amp; placement in Banjarmasin</li>
</ol>
<h5>4. Cashier / F&amp;A</h5>
<p>JOB DESCRIPTIONS :</p>
<ol>
<li>Support Branch bank receipt and payment activities</li>
<li>Handle petty cash &amp; Branch cashier reconciliation and adjustment activities</li>
<li>Ensure transactions are recorded timely and accurate</li>
<li>Ensure correct amount, payee, and on time payment and to avoid penalties</li>
<li>Apply due care when reviewing request for payments</li>
<li>Ensure payment request has been approved as per authorization list</li>
<li>Perform necessary journal entries and adjustments if needed for month end closing</li>
</ol>
<p>JOB QUALIFICATIONS :</p>
<ol>
<li>Male, Max 35 years old</li>
<li>Min Bachelor Degree from Finance &amp; Accounting,</li>
<li>Having at least 3 years of experience in the same function</li>
<li>Detail oriented and well organized</li>
<li>Processed &amp; placement in Banjarmasin</li>
</ol>
<hr/>
<p style=""text-align: center;"">Kirim CV terbaru Anda ke :</p>
<p style=""text-align: center;"">yogi.anandito@akr.co.id (posisi 1)<br/>
tiara.ikahana@akr.co.id (posisi 2,3 dan 4)</p>
 ","
Kirim CV terbaru Anda ke :
yogi.anandito@akr.co.id (posisi 1), tiara.ikahana@akr.co.id (posisi 2,3 dan 4)",6,"[5, 4, 3, 2, 1, 0]"
8,8,PT Tiki Jalur Nugraha Ekakurir (JNE),"['1. Sekretaris', '2. Rider']","[[['', 'Perempuan', 'Usia maksimal 28 tahun', 'Belum menikah', 'Berpenampilan menarik', 'Follow Instagram @jne.bogor', 'Pendidikan minimal D-3/S-1 (diutamakan jurusan Sekretaris), IPK minimal 3,00', 'Berbahasa Inggris aktif', 'Menguasai Microsoft Office', 'Memiliki kemampuan administrasi yang baik', 'Memiliki kemampuan komunikasi yang baik', 'Aktif bermedia sosial', 'Mampu melakukan editing foto dan video', 'Memiliki pengalaman di bidang terkait minimal 1 tahun (fresh graduate dipersilakan melamar)', 'Memiliki loyalitas dan semangat kerja yang tinggi', 'Penempatan: Bogor, Jawa Barat', '']], [['', 'Laki-laki, Min. Pendidikan SMK/SMA sederajat', 'Usia Max. 28 tahun', 'Berpenampilan dan beratittude Baik', 'Memiliki Motor Pribadi & SIM C (Masih Berlaku)', 'Hafal wilayah Surabaya / Sidoarjo / Sampang', 'Memiliki Smartphone Android', 'Memiliki kemampuan komunikasi yang baik, disiplin, tanggung jawab dan jujur', 'Memahami dan tanggap dalam kondisi apapun', 'Mampu bekerja secara individu maupun team', 'Bersedia bekerja Shift', 'Sehat Jasmani dan Rohani', '']]]","[['Kualifikasi:'], ['Kualifikasi']]",E:/Belajar/www.disnakerja.com/images/PT Tiki Jalur Nugraha Ekakurir (JNE).jpg,"['Bagi Anda yang berminat, silahkan melakukan pendaftaran secara online:', 'Apply ', 'https://docs.google.com/forms/d/e/1FAIpQLSe5R8pKkb1Eag_Ge-DePcEX4zAWPG1O5Vf82YIN6bheavjNVg/viewform', 'Deadline 25 Desember 2020']","December 25, 2020",https://www.disnakerja.com/job/lowongan-kerja-pt-tiki-jalur-nugraha-ekakurir-jne-6/,"
<p style=""text-align: justify;"">Didirikan tahun 1990, PT Tiki Jalur Nugraha Ekakurir (JNE) melayani masyarakat dalam urusan jasa kepabeanan terutama import atas kiriman peka waktu melalui gudang ‚ÄòRush Handling‚Äô. Kecepatan dan kehandalan layanan yang konsisten dan bertanggung jawab membuat kredibilitas JNE semakin tinggi di mata pelanggan maupun mitra kerja.</p>
<p style=""text-align: justify;"">Seiring dengan peningkatan investasi asing, pertumbuhan ekonomi dalam negeri, dan perkembangan teknologi informasi, serta beragam inovasi produk yang dikembangkan, kinerja JNE semakin tumbuh juga berkembang di kalangan dunia usaha maupun masyarakat Indonesia.Perkembangan dunia usaha dan gaya hidup masyarakat membuat permintaan penanganan kiriman import peka semakin berkembang. Tak hanya mencakup paket kecil dan dokumen, tetapi merambah pada penanganan transportasi, logistik, serta distribusi.Peluang yang terus tumbuh ini mendorong JNE untuk terus memperluas jaringannya ke seluruh kota besar di Indonesia. Saat ini titik-titik layanan JNE telah mencapai diatas 6,000 lokasi dan masih terus bertambah, dengan jumlah karyawan lebih dari 40,000 orang.</p>
<p style=""text-align: justify;"">Saat ini PT Tiki Jalur Nugraha Ekakurir (JNE) kembali membuka lowongan kerja terbaru pada bulan Desember 2020. Adapun dibawah ini adalah posisi jabatan yang saat ini tersedia bagi Anda para pencari kerja yang tertarik untuk mengembangkan karir Anda bersama PT Tiki Jalur Nugraha Ekakurir (JNE) dengan kualifikasi sebagai berikut.</p>
<h4 style=""text-align: center;"">Lowongan Kerja PT Tiki Jalur Nugraha Ekakurir (JNE)</h4>
<hr/>
<h5>1. Sekretaris</h5>
<p>Kualifikasi:</p>
<ol>
<li>Perempuan</li>
<li>Usia maksimal 28 tahun</li>
<li>Belum menikah</li>
<li>Berpenampilan menarik</li>
<li>Follow Instagram @jne.bogor</li>
<li>Pendidikan minimal D-3/S-1 (diutamakan jurusan Sekretaris), IPK minimal 3,00</li>
<li>Berbahasa Inggris aktif</li>
<li>Menguasai Microsoft Office</li>
<li>Memiliki kemampuan administrasi yang baik</li>
<li>Memiliki kemampuan komunikasi yang baik</li>
<li>Aktif bermedia sosial</li>
<li>Mampu melakukan editing foto dan video</li>
<li>Memiliki pengalaman di bidang terkait minimal 1 tahun (fresh graduate dipersilakan melamar)</li>
<li>Memiliki loyalitas dan semangat kerja yang tinggi</li>
<li>Penempatan: Bogor, Jawa Barat</li>
</ol>
<h5>2. Rider</h5>
<p>Kualifikasi</p>
<ol>
<li>Laki-laki, Min. Pendidikan SMK/SMA sederajat</li>
<li>Usia Max. 28 tahun</li>
<li>Berpenampilan dan beratittude Baik</li>
<li>Memiliki Motor Pribadi &amp; SIM C (Masih Berlaku)</li>
<li>Hafal wilayah Surabaya / Sidoarjo / Sampang</li>
<li>Memiliki Smartphone Android</li>
<li>Memiliki kemampuan komunikasi yang baik, disiplin, tanggung jawab dan jujur</li>
<li>Memahami dan tanggap dalam kondisi apapun</li>
<li>Mampu bekerja secara individu maupun team</li>
<li>Bersedia bekerja Shift</li>
<li>Sehat Jasmani dan Rohani</li>
</ol>
<hr/>
<p style=""text-align: center;"">Bagi Anda yang berminat, silahkan melakukan pendaftaran secara online:</p>
<p style=""text-align: center;""><a class=""button"" href=""https://docs.google.com/forms/d/e/1FAIpQLSe5R8pKkb1Eag_Ge-DePcEX4zAWPG1O5Vf82YIN6bheavjNVg/viewform"" rel=""noopener noreferrer"" style=""vertical-align: middle;"" target=""_blank""><button>Apply </button></a></p>
<p style=""text-align: center;"">Deadline 25 Desember 2020</p>
 ","
Bagi Anda yang berminat, silahkan melakukan pendaftaran secara online:
Apply 
https://docs.google.com/forms/d/e/1FAIpQLSe5R8pKkb1Eag_Ge-DePcEX4zAWPG1O5Vf82YIN6bheavjNVg/viewform
Deadline 25 Desember 2020",4,"[3, 2, 1, 0]"
