,Nama,Posisi,Kualifikasi,kode_kual,Path_Gambar,Keterangan,Tanggal,Alamat,artikel,header
0,PT Prakarsa Alam Segar (Mie Sedaap),"['1. Teknisi Listrik', '2. Teknisi Mekanik', '3. Helper Project']","[[['', 'Pendidikan minimal SMK jurusan teknik listrik / teknik instalasi tenaga listrik / teknik otomasi industri', 'Minimal pengalaman di bidang kelistrikan selama 1 tahun', 'Diutamakan berpengalaman dalam melakukan instalasi dan pengoperasian Programmable Logic Controller (PLC)', '']], [['', 'Pendidikan minimal SMK jurusan teknik mesin / teknik fabrikasi / teknik pengelasan', 'Minimal pengalaman di bidang preventive maintenance, fabrikasi dan welding selama 1 tahun', '']], [['', 'Pendidikan minimal SMK jurusan sipil / setara', 'Minimal pengalaman di bidang sipil / building selama 3 tahun', 'Menguasai proses pembuatan konstruksi bangunan dengan baik dan efisien', ''], ['', 'Bersedia ditempatkan di Pondok Ungu, Bekasi', 'Bersedia bekerja sistem shift', 'Kondisi kesehatan dalam keadaan fit', '']]]","[['Kualifikasi'], ['Kualifikasi'], ['Kualifikasi', '']]",E:/Belajar/www.disnakerja.com/images/PT Prakarsa Alam Segar (Mie Sedaap).jpg,"['Bagi Anda yang berminat, silahkan mengirimkan berkas lamaran melalui email ke:', 'recruitment@prakarsaalamsegar.com']","January 19, 2021",https://www.disnakerja.com/job/lowongan-kerja-pt-prakarsa-alam-segar-mie-sedaap/,_,"<p style=""text-align: justify;""><span class=""dropcap"">K</span>ami merupakan salah satu produsen produk mie instan terbesar di Indonesia yang didirikan tahun 2003 dengan brand “Mie Sedaap” PT PAS menempati lahan seluas 18 hektare yang terletak di Bekasi, jawa barat. PT PAS merupakan bagian dari group Wings yang berkomitmen untuk memproduksi “Mie Sedaap” dengan menggunakan bahan baku bermutu serta sistem dan teknologi yang tepat guna sehingga menghasilkan produk yang berkualitas. Hal tersebut direalisasikan oleh management kami, dibuktikan dengan sertifikasi ISO 9001 dan ISO 22000 yang diraih pada tahun 2007. Dua tahun kemudian kami meraih sertifikasi ISO 14001 dan OHSAS 18001. Tidak hanya itu Produk kami sudah di jamin HALAL oleh MUI sejak tahun 2004.</p>; <span class=""dropcap"">K</span>; <p style=""text-align: justify;"">Saat ini PT Prakarsa Alam Segar (Mie Sedaap) kembali membuka lowongan kerja terbaru pada bulan Januari 2021. Adapun dibawah ini adalah posisi jabatan yang saat ini tersedia bagi Anda para pencari kerja yang tertarik untuk mengembangkan karir Anda bersama PT Prakarsa Alam Segar (Mie Sedaap) dengan kualifikasi sebagai berikut.</p>"
1,Siloam Hospital Group (SHG),"['1. Perawat', '2. Asisten Apoteker', '3. Rekam Medis', '4. Radiografer', '5. Analisis Laboratorium', '6. Apoteker', '7. Resident Medical Officer (RMO) Dokter Umum']","[[['', 'Pendididkan min. Profesi Ners', 'Memiliki STR aktif', 'Diutamakan memiliki pengalaman kerja di bidangnya min. 1 tahun', 'Fresh graduate dipersilahkan melamar', 'Memiliki tanggung jawab dan komunikasi ynag baik', 'Bersedia melayani pasien Covid – 19', 'Penempatan Kota Surabaya', '']], [['', 'Pendidikan min. D3 Farmasi', 'Memiliki STRTTK aktif', 'Diutamakan memiliki pengalaman kerja di bidangnya min. 1 tahun', 'Fresh graduate dipersilahkan melamar', 'Memiliki tanggung jawab dan komunikasi ynag baik', 'Bersedia melayani pasien Covid – 19', 'Penempatan Kota Surabaya', '']], [['', 'Pendidikan min. D3 Rekam Medis', 'Memiliki STR aktif', 'Diutamakan memiliki pengalaman kerja di bidangnya min. 1 tahun', 'Fresh graduate dipersilahkan melamar', 'Memiliki tanggung jawab dan komunikasi ynag baik', 'Bersedia melayani pasien Covid – 19', 'Penempatan Kota Surabaya', '']], [['', 'Pendidikan min. D3 Radiologi', 'Memiliki STR aktif', 'Diutamakan memiliki pengalaman kerja di bidangnya min. 1 tahun', 'Fresh graduate dipersilahkan melamar', 'Memiliki tanggung jawab dan komunikasi ynag baik', 'Bersedia melayani pasien Covid – 19', 'Penempatan Kota Surabaya', '']], [['', 'Pendidikan min. D3 Analis Kesehatan', 'Memiliki STR aktif', 'Diutamakan memiliki pengalaman kerja di bidangnya min. 1 tahun', 'Fresh graduate dipersilahkan melamar', 'Memiliki tanggung jawab dan komunikasi ynag baik', 'Bersedia melayani pasien Covid – 19', 'Penempatan Kota Surabaya', '']], [['', 'Pendidikan min. Profesi Apoteker', 'Memiliki STR-A aktif', 'Diutamakan memiliki pengalaman kerja di bidangnya min. 1 tahun', 'Fresh graduate dipersilahkan melamar', 'Memiliki tanggung jawab dan komunikasi ynag baik', 'Bersedia melayani pasien Covid – 19', 'Penemptan Kota Surabaya', '']], [['', 'Pendidikan min. S1 Profesi Kedokteran', 'Memiliki sertifikat ACLS dan ATR aktif', 'Bersedia untuk bekerja full time', 'Berpengalaman min. 1 tahun', 'Memiliki tanggung jawab dan komunikasi ynag baik', 'Penempatan Kota Surabaya', '']]]","[['Kualifikasi'], ['Kualifikasi'], ['Kualifikasi'], ['Kualifikasi'], ['Kualifikasi'], ['Kualifikasi'], ['Kualifikasi']]",E:/Belajar/www.disnakerja.com/images/Siloam Hospital Group (SHG).jpg,"['Kirimkan berkas lamaran Anda ke :', 'jandri.patty@siloamhospitals.com / recruitment@siloamhospitals.com, Subjek: SHSB_Posisi_(Nama)']","January 19, 2021",https://www.disnakerja.com/job/lowongan-kerja-siloam-hospital-group-shg/,_,"<p style=""text-align: justify;"">Rumah Sakit Siloam adalah anak perusahaan dari Lippo Group yang bergerak di bidang kesehatan, sebagai bagian dari Lippo Group, setiap anggota tim kami memiliki kesempatan untuk memperkaya pengetahuan kerja dari berbagai industri. Hal ini menghasilkan sinergi yang mendukung pertumbuhan bisnis yang cepat dan efisien. Dampak positif dari sinergi yang telah kami bina tercermin dalam kerja sama kami dengan unit bisnis Lippo Group seperti UPH, MRIN, PT Lippo Karawaci, Tbk., dan sebagainya. Melalui kerja sama kami, Rumah Sakit Siloam mampu membangun, mengatur, dan mengembangkan staf kami secara efisien. Hal ini membuat kami selangkah lebih maju dibanding kompetitor kami dalam menjawab isu-isu operasional maupun tantangan bisnis yang kami hadapi.</p>; <p style=""text-align: justify;"">Siloam Hospitals Group (Siloam) adalah jaringan rumah sakit swasta yang terdepan di Indonesia dan telah menjadi <em>benchmark</em> (nilai standar) pada pelayanan kesehatan berkualitas di Indonesia. Tim medis Siloam terdiri dari 2.700 dokter umum dan dokter spesialis, serta 10.000 perawat dan staf pendukung lainnya dan telah melayani hampir 2 juta pasien setiap tahunnya.</p>; <p style=""text-align: justify;"">Untuk memenuhi kebutuhan pelayanan medis berkelas dunia bagi semua kalangan masyarakat di Indonesia, strategi bisnis Siloam yang berdasarkan pada <em>economies of scale</em> (prinsip skala ekonomis) memungkinkan setiap unit rumah sakitnya untuk beroperasi dengan biaya yang lebih rendah. Dengan demikian, visi perusahaan untuk mewujudkan pelayanan kesehatan berkualitas internasional di Indonesia yang dilandasi dengan belas kasih ilahi dapat menjadi platform bagi Siloam untuk meresponi transformasi sosial yang dinamis di Indonesia.</p>; <p style=""text-align: justify;"">Saat ini Siloam Hospital Group (SHG) kembali membuka lowongan kerja terbaru pada bulan Januari 2021 . Adapun dibawah ini adalah posisi jabatan yang saat ini tersedia bagi Anda para pencari kerja yang tertarik untuk mengembangkan karir Anda bersama Siloam Hospital Group (SHG) dengan kualifikasi sebagai berikut.</p>"
2,PT Honda Prospect Motor,['OPERATOR (SMK SEDERJAT)'],"[[['', 'Tidak memiliki gangguan penglihatan', 'Nilai rata-rata rapor 7', ''], ['', 'Pria', 'Pendidikan SMK/SMA Sederajat', 'Usia 18-20 Tahun', 'Mahir mengoperasikan komputer terutama Ms. Excel', 'Mampu mengemudikan mobil dan memiliki SIM A', 'Tinggi badan minimal 166 cm; berat badan ideal', '']]]","[['Kualifikasi Umum:', 'Kualifikasi Khusus:']]",E:/Belajar/www.disnakerja.com/images/PT Honda Prospect Motor.jpg,"['Should be interested, please submit your application to:', ' Apply ', 'https://www.hpm.co.id:19720/Application/Career/ListVacancy.aspx', ' Apply ', ' Apply ']","January 19, 2021",https://www.disnakerja.com/job/lowongan-kerja-pt-honda-prospect-motor-2/,_,"<p style=""text-align: justify;""><span class=""dropcap"">P</span>T Honda Prospect Motor atau HPM merupakan ATPM (Agen Tunggal Pemegang Merk) dari merek dagang Honda yang memiliki hak untuk mengimpor, merakit dan memproduksi kendaraan dengan menggunakan merk Honda di Indonesia. HPM memiliki kantor pusat yang terletak di Jakarta Utara, sedangkan pabriknya terletak di Karawang, Jawa Barat. Produk-produknya yang ada di pasaran diantaranya Honda Jazz, Honda CR-V, Honda Civic, Honda Brio, Honda Accord, Honda City dan juga Honda Odyssey. Saat ini, HPM memiliki sekitar 85 dealer yang tersebar di Nusantara. Lalu, pada tahun 2014, HPM mulai mengoperasikan pabrik keduanya sekaligus meluncurkan lini baru produknya yakni Honda Mobilio. Perusahaan ini terus berkomitmen untuk meningkatkan pangsa pasar di bidang otomotif di Indonesia.</p>; <span class=""dropcap"">P</span>; <p style=""text-align: justify;"">Saat ini PT Honda Prospect Motor kembali membuka lowongan kerja terbaru pada bulan Januari 2021. Adapun dibawah ini adalah posisi jabatan yang saat ini tersedia bagi Anda para pencari kerja yang tertarik untuk mengembangkan karir Anda bersama PT Honda Prospect Motor dengan kualifikasi sebagai berikut.</p>"
3,Lowongan Magang PT Cakrawala Andalas Televisi (ANTV),['Rekrutmen Magang'],"[[['', 'Financial (Jurusan Akuntansi/Manajemen)', 'Contennt Milzeru (Jurusan Jurnalistik/Ilmu Komunikasi)', 'HCD (Jurusan Psikologi)', ''], ['', 'Mahasiswa semester akhir', 'Bersedia magang secepatnya', 'Durasi magang 3 bulan', ''], ['', 'Ilmu baru yang bermanfaat', 'Pengalaman bekerja dengan tim seru', 'Teman-teman baru', '']]]","[['Penempatan Magang:', 'Kualifikasi', '']]",E:/Belajar/www.disnakerja.com/images/Lowongan Magang PT Cakrawala Andalas Televisi (ANTV).jpg,"['Bagi Anda yang berminat, segera kirimkan melalui email ke:', 'recruitmen@an.tv, dengan menuliskan penempatan magang pada subjek email.']","January 19, 2021",https://www.disnakerja.com/job/lowongan-kerja-pt-cakrawala-andalas-televisi-antv/,_,"<p style=""text-align: justify;"">PT Cakrawala Andalas Televisi atau yang lebih dikenal dengan sebutan ANTV hadir sebagai stasiun televisi swasta di Indonesia yang menyajikan beragam tayangan hiburan yang berkualitas, menarik serta menambah wawasan dan pengetahuan masyarakat Indonesia. Awalnya ANTV adalah stasiun televisi lokal yang siaran di wilayah Lampung dan sekitarnya.</p>; <p style=""text-align: justify;"">Saat ini PT Cakrawala Andalas Televisi (ANTV) kembali membuka lowongan kerja terbaru pada bulan Januari 2021. Adapun dibawah ini adalah posisi jabatan yang saat ini tersedia bagi Anda para pencari kerja yang tertarik untuk mengembangkan karir Anda bersama PT Cakrawala Andalas Televisi (ANTV) dengan kualifikasi sebagai berikut.</p>"
4,Jakarta Smart City 2021,[],[],[],E:/Belajar/www.disnakerja.com/images/Jakarta Smart City 2021.jpg,"['Bagi Anda yang berminat, silahkan melakukan pendaftaran secara online:', ' Apply ', 'https://docs.google.com/forms/d/e/1FAIpQLScweJoSTemI22nWIqfb989GgeDm2NaJJqix4QXO4uiF7P7fmg/viewform', ' Apply ', ' Apply ', 'Ikuti langkah-langkahnya dan pastikan kamu mengisi data dengan benar dan jujur, ya.', 'Agar tidak kelewatan, berikut jadwal rekrutmen Jakarta Smart City 2021 yang mesti kamu catat:', ', Pendaftaran : 16–20 Januari 2021, Pengumuman Seleksi Administrasi : 22 Januari 2021, Tes Kompetensi : 25-27 Januari 2021, Pengumuman Akhir : 29 Januari 2021, ', 'Pendaftaran : 16–20 Januari 2021', 'Pengumuman Seleksi Administrasi : 22 Januari 2021', 'Tes Kompetensi : 25-27 Januari 2021', 'Pengumuman Akhir : 29 Januari 2021', 'Rekrutmen Jakarta Smart City 2021 ini tidak dipungut biaya. Kamu yang berpengalaman maupun fresh graduate sangat diharapkan untuk mendaftar. Jadi, segera kirim berkas untuk posisi yang kamu inginkan, ya!']","January 19, 2021",https://www.disnakerja.com/job/lowongan-kerja-jakarta-smart-city-2021/,_,"<p style=""text-align: justify;"">Konsep smart city di Jakarta dibuat berdasarkan 6 pilar: Smart Governance, Smart People, Smart Living, Smart Mobility, Smart Economy, dan Smart Environment. Smart city harus bermanfaat untuk seluruh masyarakat sehingga mereka bisa mendapatkan hidup yang lebih baik. Dengan smart city, data disajikan dengan lebih transparan.</p>; <p style=""text-align: justify;"">Sebagai salah satu ibukota negara dengan tingkat urbanisasi tertinggi di dunia dan kota yang memiliki penghasilan per kapita tertinggi di Indonesia, Jakarta menyajikan berbagai tantangan yang kompleks serta masih berusaha membangun sebuah komunitas yang kohesif dan aktif turut serta mewujudkan Jakarta yang lebih baik. Oleh karena itu, solusi untuk permasalahan di Jakarta harus lebih efektif dan efisien dengan memanfaatkan teknologi informasi dan komunikasi yang terintegrasi di semua sektor publik. Dengan demikian, diharapkan lebih banyak hal yang bisa dilakukan untuk Jakarta dengan usaha yang lebih ringan untuk meningkatkan standar hidup serta kesejahteraan warga. Singkatnya, Jakarta perlu menjadi sebuah Smart City.</p>"
5,PT Mandiri Sekuritas,['Management Trainee Mandiri Sekuritas'],"[[['', 'A visionary candidate with a good interpersonal skills', 'Dynamic, passionate and relentless to face volatile Capital Market Industry', 'Strong leadership potential in organizational activities background', 'Good Analytical & Conceptual Thinking to creating breakthrough business improvement', 'Candidate must possess at least a Bachelor’s Degree from a reputable local or overseas university (fresh graduates or with maximum 2 years working experience) with minimum GPA of 3.25', 'Maximum 25 old years old for undergraduate degree (S1) and 27 for post graduate degree (S2) by December 31, 2020', 'Excellent command in English; TOEFL or TOEFL Preparation Min 550', '“Applications will be closed on January 31, 2021”', '']]]",[['What you will need']],E:/Belajar/www.disnakerja.com/images/PT Mandiri Sekuritas.jpg,"['Please send the application form with your current education transcript by email with subject: MT009-[Your Name], example: MT09-Indra Prasetyo', 'Any subject except MT009-[Your Name] will not be processed', 'will not be processed', 'If you feel you are the one who have those requirement above, feel free to send your application letter, detailed resume and recent photograph to: recruitment@mandirisek.co.id, Click here to download Application Form', 'https://drive.google.com/file/d/1hj_m6XhcKDoMt3POJDc33t-A42_Rn7uc/view?usp=sharing', 'Click here', 'https://drive.google.com/file/d/1hj_m6XhcKDoMt3POJDc33t-A42_Rn7uc/view?usp=sharing', 'Click here']","January 19, 2021",https://www.disnakerja.com/job/lowongan-kerja-pt-mandiri-sekuritas/,_,"<p style=""text-align: justify;"">Mandiri Sekuritas merupakan salah satu Investment Bank terdepan dan Broker Teraktif di pasar modal Indonesia. Mandiri Sekuritas menghadirkan solusi komprehensif pasar modal dengan nilai tambah bagi para nasabah. PT Mandiri Sekuritas (selanjutnya disebut “Perusahaan”) adalah Perusahaan yang bergerak sebagai: Perantara Pedagang Efek berdasarkan Surat Persetujuan Bapepam dan LK nomor Kep-13/PM/1992 tanggal 23 Januari 1992. Penjamin Emisi Efek berdasarkan Surat Persetujuan Bapepam dan LK nomor Kep-12/PM/1992 tanggal 23 Januari 1992.” Mandiri Sekuritas merupakan salah satu investment bank terkemuka dan broker lokal teraktif di pasar modal. Sebagai bagian dari institusi finansial terbesar di Indonesia, Mandiri Sekuritas telah hadir sebagai mitra investasi terpercaya sejak tahun 2000.</p>; <p style=""text-align: justify;"">Sederet pencapaian dan reputasi di industri menjadikan Mandiri Sekuritas sebagai mitra terbaik yang menghadirkan layanan komprehensif, meliputi investment banking dan capital markets bagi para nasabah korporat, institusi, dan individu. Mandiri Sekuritas juga menghadirkan layanan investment management melalui anak perusahaan, PT Mandiri Manajemen Investasi, guna memberikan layanan bernilai kepada seluruh nasabah.</p>"
6,PT Cibadak Indah Sari Farm,['HR Administrator'],"[[['', 'Usia maks. 35 tahun', 'Pendidikan min. D3 Semua jurusan', 'Memiliki pengalaman di bidang Administrasi (lebih diutamakan)', 'Mampu bekerja dengan menggunakan system HRIS', 'Bersedia melakukan perjalanan dinas', 'Proaktif dan memiliki kemampuan dokumentasi yang baik', '']]]",[['Kualifikasi']],E:/Belajar/www.disnakerja.com/images/PT Cibadak Indah Sari Farm.jpg,"['Bagi Anda yang berminat, silahkan mengirimkan lamaran ke :', 'Email: hrd@cibadak.com\xa0(Max. 1 MB)']","January 19, 2021",https://www.disnakerja.com/job/lowongan-kerja-pt-cibadak-indah-sari-farm/,_,"<p style=""text-align: justify;"">Cibadak Indah Sari Pertanian (CISF) adalah perusahaan yang menyediakan produk-produk unggas berkualitas tinggi. CISF adalah perusahaan peternakan terpadu yang membanggakan diri pada integritas dan sumber daya manusia yang unggul dan diakui. Perusahaan kami berkembang berdasarkan keterampilan kewirausahaan serta analisis pasar yang mandiri.</p>; <p style=""text-align: justify;"">Saat ini PT Cibadak Indah Sari Farm kembali membuka lowongan kerja terbaru pada bulan Januari 2021. Adapun dibawah ini adalah posisi jabatan yang saat ini tersedia bagi Anda para pencari kerja yang tertarik untuk mengembangkan karir Anda bersama PT Cibadak Indah Sari Farm dengan kualifikasi sebagai berikut.</p>"
7,PT CJ Feed and Livestock Indonesia,['Technical Sales Suport (TTS SHRIMP)'],"[[['', 'Pria', 'Usia min. 23 tahun', 'Pendidikan min. D3 Jurusan Aquaculture, Perikanan dan sejenisnya', 'IPK min. 3.00 (PTS/N)', 'Memiliki pengalaman min. 1 tahun dalam Budidaya Udang Vannamei', 'Memiliki SIM A', 'Memiliki skill interpersonal yang baik, Cutomer focus, Handling penyakit udang, pengetahuan pakan dan komunikasi yang baik', 'Bersedia ditempatkan diseluruh area kerja CJ (Jatim-Sumbawa)', 'Keseluruhan proses seleksi di PT. CJ Feed Jombang', '']]]",[['Kualifikasi']],E:/Belajar/www.disnakerja.com/images/PT CJ Feed and Livestock Indonesia.jpg,"['Bagi Anda yang berminat, silahkan mengirimkan lamaran ke :', 'Email: debri.angriawan@cj.co.id, Subjek: TSS Shrimp (Jawa Timur/Sumbawa)', 'Deadline 23 Januari 2021']","January 19, 2021",https://www.disnakerja.com/job/lowongan-kerja-pt-cj-feed-and-livestock-indonesia/,_,"<p style=""text-align: justify;"">PT Cheil Jedang Feed and Livestock Indonesia adalah PMA asal Korea Selatan yang berfokus pada dunia pakan dan perunggasan. Perusahaan ini adalah bagian dari Grup Cheil Jedang yang mengoperasikan enam pabrik pakan di Indonesia. Pabrik ini memproduksi pakan unggas dan pakan ikan di berbagai lokasi, yaitu Serang (Banten), Jombang (Jatim), Banjarmasin (Kalsel), Lampung, Medan (Sumut), dan Semarang (Jateng). Pada 2018, CJ Cheil Jedang Feed Indonesia membangun fasilitas baru yang dikhususkan untuk penyimpanan dan pengeringan jagung di Grobogan, Jateng. Jagungnya disalurkan ke semua pabrik pakan CJ Feed di Indonesia. Fasilitas ini mampu mengeringkan hingga 400 ton per hari dan mulai beroperasi secara komersial sejak Maret 2019.Pakan ternak yang diproduksi CJ Feed terdiri dari pakan broiler, layer, breeder, babi, puyuh, konsentrat dan udang. untuk melayani permintaan pelanggan yang berada di wilayah Jawa Barat, Jabodetabek, Sumatera dan Kalimantan. Produk pakan ternak yang diproduksi CJS menggunakan merk Superfeed.</p>; <p style=""text-align: justify;"">Saat ini PT CJ Indonesia kembali membuka lowongan kerja terbaru pada bulan Januari 2021. Adapun dibawah ini adalah posisi jabatan yang saat ini tersedia bagi Anda para pencari kerja yang tertarik untuk mengembangkan karir Anda bersama PT CJ Indonesia dengan kualifikasi sebagai berikut.</p>"
8,Lowongan kerja PT Dayacipta Kemasindo,"['1. Admin Sparepart', '2. Teknisi Elektrik']","[[['', 'Pria', 'Pendidikan SMK jurusan Teknik Mesin', 'Memiliki penguasaan terkait Sparepart Mesin', 'Dapat mengoperasikan komputer dan melaksanakan tugas-tugas administrasi gudang sparepart', 'Diutamakan memiliki pengalaman sebagai Admin Teknik / Gudang Sparepart', 'Penempatan Plant Cibitung', '']], [['', 'Pria, usia maksimal 35 tahun', 'Pendidikan minimal SMK jurusan Teknik elektrik / elekronika industri / instalasi tenaga listrik / dan sejenisnya.', 'Lulusan baru dipersilahkan melamar. Memiliki sertifikasi BLK teknisi kelistrikan atau pengalaman sebagai teknisi elektrik lebih diutamakan', '']]]","[['Kualifikasi'], ['Kualifikasi']]",E:/Belajar/www.disnakerja.com/images/Lowongan kerja PT Dayacipta Kemasindo.jpg,"['Send / recommend your CV at :', 'hrd_recruitment@ptdck.com, Subjek: Posisi yang dilamar']","January 19, 2021",https://www.disnakerja.com/job/lowongan-kerja-pt-dayacipta-kemasindo/,_,"<p style=""text-align: justify;"">PT Dayacipta Kemasindo adalah produsen karton bergelombang terkemuka di Indonesia. Komitmen kami adalah memberikan solusi pengemasan bergelombang berkualitas kepada pelanggan kami.</p>; <p style=""text-align: justify;"">Perusahaan kami telah lama memahami pentingnya dan keterkaitan antara kinerja keuangan, sosial dan lingkungan. Kami berusaha keras untuk mempertahankan dan meningkatkan pengelolaan ekonomi, sosial dan lingkungan kami dengan menekankan nilai-nilai berkelanjutan dalam organisasi. Kami melihat keberlanjutan sebagai kebutuhan dalam mencapai misi dan visi kami. Keberlanjutan membantu kita menyelaraskan nilai masyarakat yang lebih luas dengan kebutuhan operasi kita, hal itu menambah nilai produk kita dan berdampak positif pada kehidupan sehari-hari masyarakat.</p>; <p style=""text-align: justify;"">Saat ini PT Dayacipta Kemasindo kembali membuka lowongan kerja terbaru pada bulan Januari 2021. Adapun dibawah ini adalah posisi jabatan yang saat ini tersedia bagi Anda para pencari kerja yang tertarik untuk mengembangkan karir Anda bersama PT Dayacipta Kemasindo dengan kualifikasi sebagai berikut.</p>"
9,PT Best Agro International,['Best Management Trainee Program (BMTP)'],"[[['', 'Pria', 'Usia maksimal 26 tahun 2020', 'Tinggi minimal 165 cm', 'Tidak berkacamata', 'Pendidikan D-3/S-1 dari jurusan', '', 'Pertanian', 'Perkebunan', 'Teknologi Hasil Pertanian', 'Agroteknologi', 'Agroekoteknologi', 'Agribisnis', 'Ilmu Tanah/Hama Penyakit', 'Akuntansi', '', '', ''], ['', 'Pertanian', 'Perkebunan', 'Teknologi Hasil Pertanian', 'Agroteknologi', 'Agroekoteknologi', 'Agribisnis', 'Ilmu Tanah/Hama Penyakit', 'Akuntansi', '']]]","[['Kualifikasi:', '']]",E:/Belajar/www.disnakerja.com/images/PT Best Agro International.jpg,"['Bagi Anda yang berminat, silahkan melakukan pendaftaran secara online:', ' Apply ', 'https://docs.google.com/forms/d/e/1FAIpQLSc1yqOsTvZ10IHSAMCSskzLQC8_oDw_W8q9k_xJgHpTmtJznA/viewform', ' Apply ', ' Apply ', 'Paling lambat: 31 Januari 2021']","January 19, 2021",https://www.disnakerja.com/job/lowongan-kerja-pt-best-agro-international/,_,"<p style=""text-align: justify;""><span class=""dropcap"">B</span>est Agro International sebagai salah satu perusahaan perkebunan kelapa sawit yang ada di Indonesia, telah memulai kontribusinya di bidang usaha perkebunan kelapa sawit sejak 1995. Sampai dengan saat ini, Best Agro International telah memiliki lebih dari 45.000 karyawan yang tersebar di seluruh area usaha Perusahaan. Bagi Best Agro International, karyawan adalah aset perusahaan dan sudah menjadi bagian dari keluarga besar perusahaan yang diharapkan dapat maju dan sejahtera bersama Best Agro International.</p>; <span class=""dropcap"">B</span>; <p style=""text-align: justify;"">Sebagai salah satu perusahaan perkebunan kelapa sawit terbesar di Indonesia, bisnis yang dijalankan oleh Best Agro International dimulai dari perkebunan sampai ke pengolahan kelapa sawit di pabrik dengan menggunakan standar pengolahan baku.</p>; <p style=""text-align: justify;"">Saat ini PT Best Agro International kembali membuka lowongan kerja terbaru pada bulan Januari 2021. Adapun dibawah ini adalah posisi jabatan yang saat ini tersedia bagi Anda para pencari kerja yang tertarik untuk mengembangkan karir Anda bersama PT Best Agro International dengan kualifikasi sebagai berikut.</p>"
10,PT Mitsubishi Motors Krama Yudha Indonesia (MMKI),"['1. QC Assembly Parts Inspection Staff (for Eengine)', '2. QC Body Inspection Staff']","[[['', 'Check engine assembly quality and engine parts quality', 'Confirm quality of design change and 4M change', 'Corrective action to engine problem and parts defect', ''], ['', 'Male, 22 – 26 YO', 'Diploma / Bachelor Degree from Mechanical/ Industrial/ Electrical Engineering with reputable university', 'Good in English', 'Fresh Graduate are welcome to apply', 'Have experience min. 1-2 years in related area especially from Automotive Manufacturing', 'Familiar with engine assembly quality and engine parts quality', '']], [['', 'Checking body parts (press parts & welding parts)', 'Checking vehicle body accuracy, analizing, and improving problem', 'Checking parts for KD', ''], ['', 'Male, 22 – 26 YO', 'Diploma / Bachelor Degree from Mechanical/ Industriai/ Electrical Engineering with reputable university', 'Good in English', 'Fresh Graduate are welcome to apply', 'Have experience min. 1-2 years in related area especially from Automotive Manufacturing', '']]]","[['Main Job', 'Requirement'], ['Main Job', 'Requirement:']]",E:/Belajar/www.disnakerja.com/images/PT Mitsubishi Motors Krama Yudha Indonesia (MMKI).jpg,"['If you are interested and have met our requirements, please send your CV to :', 'recruitment.mmki@mmki.co.id, Subject: MMKI_Disnakerja_QC API (posisis 1), MMKI_Disnakerja_QC BI (posisi 2)']","January 19, 2021",https://www.disnakerja.com/job/lowongan-kerja-pt-mitsubishi-motors-krama-yudha-sales-indonesia-mmksi/,_,"<p style=""text-align: justify;"">Kendaraan Mitsubishi Motors telah hadir di Indonesia sejak lebih dari 40 tahun lalu. Per tanggal 1 April 2017,  PT Krama Yudha Tiga Berlian Motors (KTB) melakukan restrukturisasi bisnis dan mengalihkan bisnis distribusi kendaraan penumpang dan niaga ringan merek Mitsubishi Motors di Indonesia kepada PT Mitsubishi Motors Krama Yudha Indonesia (MMKI).</p>; <p style=""text-align: justify;"">Restrukturisasi ini bertujuan untuk lebih fokus pada setiap segmen pasar, serta untuk merespon dan berkontribusi pada setiap pemintaan dari masing – masing segmen pasar dengan cepat dan fleksibel. Melalui perubahan struktur organisasi ini, Mitsubishi bertujuan untuk terus berkembang dan memperluas produk dan layanan dengan kualitas yang lebih baik, yang tentunya hal ini diperuntukkan bagi konsumen setia kendaraan Mitsubishi dan juga masyarakat Indonesia.</p>; <p style=""text-align: justify;"">Saat ini PT Mitsubishi Motors Krama Yudha Sales Indonesia (MMKSI) kembali membuka lowongan kerja terbaru pada bulan Januari  2021 . Adapun dibawah ini adalah posisi jabatan yang saat ini tersedia bagi Anda para pencari kerja yang tertarik untuk mengembangkan karir Anda bersama PT Mitsubishi Motors Krama Yudha Sales Indonesia (MMKSI) dengan kualifikasi sebagai berikut.</p>"
11,PT Garudafood Putra Putri Jaya Tbk,['Management Trainee (MT) 2021'],"[[['', 'Acceleration Program to Develop the future leaders of the company', 'Knowledgeable Inclass experiences', 'Valueable mentoring for many business process of the company', ''], ['', 'Maximum 25 years old', 'Minimum Bachelor degree from reputable university with minimum GPA 3.00 :', '', 'Agriculture Engineering', 'Chemical Engineering', 'Mechanical Engineering', 'Electrical Engineering', 'Food Technology', 'Industrial Technology', 'Material Science', 'Material Engineering', 'E&E Engineering', '', '', 'Good written, verbal, and presentation skills', 'Fluent in English', 'Never involve in crime and drugs', 'Willing to be under working commitment to Garudafood for 3 years', 'Willing to be placed in Garudafood Business Unit', ''], ['', 'Agriculture Engineering', 'Chemical Engineering', 'Mechanical Engineering', 'Electrical Engineering', 'Food Technology', 'Industrial Technology', 'Material Science', 'Material Engineering', 'E&E Engineering', '']]]","[['Responsibilities', 'Qualification', '']]",E:/Belajar/www.disnakerja.com/images/PT Garudafood Putra Putri Jaya Tbk.jpg,"['Interested candidates, please apply at link below:', ' Apply ', 'https://career.garudafood.co.id/Page/CareerDetail.aspx?JobId=20', ' Apply ', ' Apply ', 'Deadline of submission: January 31th, 2021']","January 19, 2021",https://www.disnakerja.com/job/lowongan-kerja-pt-garudafood-putra-putri-jaya-tbk/,_,"<p style=""text-align: justify;"">PT Garudafood Putra Putri Jaya Tbk, dikenal secara umum dengan nama Garudafood, adalah perusahaan makanan dan minuman asal Indonesia yang dimiliki oleh kelompok usaha Tudung. Selain Garudafood, Tudung Group juga menaungi SNS Group (PT Sinar Niaga Sejahtera, bergerak di bisnis distribusi dan logistik), PT Bumi Mekar Tani (BMT, fokus di bidang plantations), PT Nirmala Tirta Agung (NTA, bisnis air minum dalam kemasan bermerek Mayo), PT Dairyland Indonesia (DLI, memasarkan susu kemasan kaleng bermerek Prestine), dan Global Solusi Inti (GSI, bergerak di bidang pelayanan jasa pelatihan, seminar, event-organizer, dan konsultasi manajemen).</p>; <p style=""text-align: justify;"">Perjalanan Garudafood berawal dari PT Tudung, didirikan di Pati, Jawa Tengah, pada 1958 dan bergerak di bisnis tepung tapioka. Pada 1979, PT Tudung berganti nama menjadi PT Tudung Putrajaya (TPJ). Pendiri perusahaan adalah mendiang Darmo Putro, mantan pejuang yang memilih menekuni dunia usaha setelah bangsa Indonesia merdeka.</p>; <p style=""text-align: justify;"">Pada awal 1987, TPJ mulai menjual hasil produksi kacangnya dengan merk Kacang Garing Garuda, yang belakangan dikenal dengan sebutan ringkas: Kacang Garuda. Kacang Garuda meraih pelbagai penghargaan sbb: Indonesian Customer Satisfaction Award (ICSA) kategori kacang bermerek enam belas kali berturut-turut (2000–2015); Superbrands (2003); Top Brand for Kids (2004–2015); Indonesian Best Brand Award (IBBA, 2004–2007); Top Brand (2007–2015).</p>; <p style=""text-align: justify;"">Saat ini PT Garudafood Putra Putri Jaya Tbk kembali membuka lowongan kerja terbaru pada bula Januari 2021. Adapun dibawah ini adalah posisi jabatan yang saat ini tersedia bagi Anda para pencari kerja yang tertarik untuk mengembangkan karir Anda bersama PT Garudafood Putra Putri Jaya Tbk dengan kualifikasi sebagai berikut.</p>"
12,PT Darya-Varia Laboratoria Tbk,['Admin IT'],"[[['', 'Pendidikan min. S1 Informatika/ Sistem Informasi/ Ilmu Komputer', 'Pengalaman min. 1 tahun bekerja di pabrik', 'Mengetahui sistem SAP', 'Bersedia bekerja dalam shift', 'Penempatan Gunung Putri – Bogor', '']]]",[['Kualifikasi']],E:/Belajar/www.disnakerja.com/images/PT Darya-Varia Laboratoria Tbk.jpg,"['Kirim CV terbaru ke :', 'ismawati.saleha@darya-varia.com, Subjek: Admin IT']","January 19, 2021",https://www.disnakerja.com/job/lowongan-kerja-pt-darya-varia-laboratoria-tbk/,_,"<p style=""text-align: justify;"">PT Darya-Varia Laboratoria Tbk (“Darya-Varia atau Perseroan”) adalah perusahaan farmasi yang telah lama berdiri di Indonesia, beroperasi sejak tahun 1976. Setelah menjadi perusahaan terbuka pada tahun 1994, Perseroan mengakuisisi PT Pradja Pharin (Prafa) di tahun 1995, dan terus mengembangkan berbagai produk Obat Resep dan Consumer Health. Pada Juli 2014, Darya-Varia bergabung (merger) dengan Prafa. Darya-Varia mengoperasikan dua fasilitas manufaktur kelas dunia di Gunung Putri dan Citeureup, Bogor, keduanya memiliki sertifikat Cara Pembuatan Obat yang Baik (CPOB) ASEAN. Kedua pabrik tersebut fokus memproduksi produk-produk Perseroan serta memberikan jasa toll manufacturing untuk pelaku nasional dan multinasional baik untuk pasar lokal maupun ekspor.</p>; <p style=""text-align: justify;"">Pabrik Darya-Varia di Gunung Putri, Bogor, memiliki spesialisasi dalam produksi kapsul gelatin lunak dan produk-produk cair, sementara Pabrik Darya-Varia di Citeureup, Bogor, memiliki spesialisasi dalam produksi injeksi steril dan produk padat. Perseroan juga melakukan toll manufacturing dengan perusahaan afiliasinya​. Pada 2013, Perseroan memperoleh sertifikat halal untuk kapsul NATUR-E dan HOBAT, produk gelatin yang mengandung unsur hewani, merupakan sertifikasi halal produk suplemen yang pertama untuk perusahaan farmasi di Indonesia.</p>; <p style=""text-align: justify;"">Saat ini PT Darya-Varia Laboratoria Tbk kembali membuka lowongan kerja terbaru pada bulan Januari 2021 . Adapun dibawah ini adalah posisi jabatan yang saat ini tersedia bagi Anda para pencari kerja yang tertarik untuk mengembangkan karir Anda bersama PT Darya-Varia Laboratoria Tbk dengan kualifikasi sebagai berikut.</p>"
13,Kantor Staff Puteri Anetta Komarudin Anggota DPR RI Fraksi Partai Golkar Jabar VII,['TikTok Content Creator'],"[[['', 'Usia min. 20 tahun', 'Domisili Jabodetabek', 'Bersedia bekerja 3 hari/minggu (part-time)', 'Kemampuan komunikasi baik, lisan & tulisan', 'Memiliki smartphone dengan kualitas kamera video full HD', 'Memahami perkembangan tren TikTok', 'Mampu mengelola dan membuat konten kreatif TikTok untuk meningkatkan traffic akun', 'Kreatif, proaktif dan berjiwa muda', 'Melek isu politik dan ekonomi (nilai plus)', '']]]",[['Kualifikasi']],E:/Belajar/www.disnakerja.com/images/Kantor Staff Puteri Anetta Komarudin Anggota DPR RI Fraksi Partai Golkar Jabar VII.jpg,"['MARI BERGABUNG!', 'Bagi Anda yang berminat, kirimkan CV dan link kreasi TikTok terbaikmu ke:', 'komarudin.puteri@dpr.go.id, Subjek: TCC_Nama, Paling lambat: 24 Januari 2021', 'Info lebih lanjut: +628119490042 (WhatsApp)']","January 19, 2021",https://www.disnakerja.com/job/lowongan-kerja-kantor-staff-puteri-anetta-komarudin-anggota-dpr-ri-fraksi-partai-golkar-jabar-vii/,_,"<p style=""text-align: justify;"">Dewan Perwakilan Rakyat Republik Indonesia (DPR-RI), umumnya disebut Dewan Perwakilan Rakyat (DPR) adalah salah satu lembaga tinggi negara dalam sistem ketatanegaraan Indonesia yang merupakan lembaga perwakilan rakyat. DPR terdiri atas anggota partai politik peserta pemilihan umum yang dipilih melalui pemilihan umum. Pada awal kemerdekaan, lembaga-lembaga negara yang diamanatkan UUD 1945 belum dibentuk. Dengan demikian, Sesuai dengan pasal 4 aturan peralihan dalam UUD 1945, dibentuklah Komite Nasional Pusat (KNIP). Komite ini merupakan cikal bakal badan legislatif di Indonesia. Anggota KNIP tersebut berjumlah 60 orang tetapi sumber yang lain menyatakan terdapat 103 anggota KNIP. KNIP sebagai MPR sempat bersidang sebanyak 6 kali, dalam melakukan kerja DPR dibentuk Badan Pekerja Komite Nasional Pusat, Badan Pekerja tersebut berhasil menyetujui 133 RUU disamping pengajuan mosi, resolusi, usul dan lain-lain. (via Wikipedia)</p>; <p style=""text-align: justify;"">Saat ini Kantor Staff Puteri Anetta Komarudin Anggota DPR RI Fraksi Partai Golkar Jabar VII kembali membuka lowongan kerja terbaru pada bulan Januari 2021. Adapun dibawah ini adalah posisi jabatan yang saat ini tersedia bagi Anda para pencari kerja yang tertarik untuk mengembangkan karir Anda bersama Kantor Staff Puteri Anetta Komarudin Anggota DPR RI Fraksi Partai Golkar Jabar VII dengan kualifikasi sebagai berikut.</p>"
14,PT Astra International Tbk – Isuzu Sales Operation,['Administration'],"[[['', 'Male/Female (Prioritized for male)', 'Max. 35 years old', 'Diploma III/Bachelor Degree (all major)', 'GPA min. 2,75', 'Advance in Ms. Office (Esp. Excel)', 'Fresh graduated or experienced are wellcome', 'Placement: Solo Branch. Jl. Adi Sucipto No. 45 Colomadu Solo', '']]]",[['Qualification']],E:/Belajar/www.disnakerja.com/images/PT Astra International Tbk – Isuzu Sales Operation.jpg,"['Send your CV & Application Letter to:', 'Email: Wahyu.triono@iso.astra.co.id, (max. size 2MB), Subject: Apply – Admin', 'Application received a max. of 23 Jan 2021, CP: Wahyu Tri (0271) 716486']","January 19, 2021",https://www.disnakerja.com/job/lowongan-kerja-pt-astra-international-tbk-isuzu-sales-operation/,_,"<p style=""text-align: justify;"">PT. Astra International Tbk – Isuzu Sales Operation, berdiri sejak tahun 1990 merupakan bagian dari perusahaan group Astra yang bergerak di bidang otomotif, khususnya distributor dan after sales service product Isuzu yang didukung dengan 53 outlet di seluruh Indonesia.</p>; <p style=""text-align: justify;"">Isuzu dipasarkan sebagai kendaraan niaga multi-guna yang handal dan berkualitas untuk memenuhi kebutuhan berbagai segmen pasar yang luas. Pada tahun 2017, jaringan distribusi Isuzu memiliki 108 outlet, dimana sekitar 47% dari jaringan tersebut dikelola oleh ISO. Menyadari tingkat penggunaan kendaraan menentukan kelancaran operasional bisnis pemiliknya, maka IAMI menjadikan jaminan akses dan kemampuan layanan purna jual yang terbaik untuk setiap kendaraan Isuzu sebagai prioritas utama. Layanan purna jual IAMI terdiri dari 128 kendaraan yang memfasilitasi layanan Bengkel Isuzu Berjalan (BIB) dan 2.403 gerai suku cadang. Komitmen untuk menghadirkan keahlian tim teknisi berkaliber internasional juga dibuktikan dengan keberhasilan meraih peringkat pertama untuk kategori Kendaraan Komersial dalam I-1 Grand Prix 2017, yaitu ajang Isuzu World Technical Competition yang diselenggarakan setiap tahun di Jepang, di mana sejak tahun 2013 hingga saat ini tim Astra Isuzu berhasil menduduki peringkat dua terbaik secara konsisten.</p>; <p style=""text-align: justify;"">Saat ini PT Astra International Tbk – Isuzu Sales Operation kembali membuka lowongan kerja terbaru pada bulan Januari 2021. Adapun dibawah ini adalah posisi jabatan yang saat ini tersedia bagi Anda para pencari kerja yang tertarik untuk mengembangkan karir Anda bersama PT Astra International Tbk – Isuzu Sales Operation dengan kualifikasi sebagai berikut.</p>"
15,PT Wings Surya (Wings Group),"['1. Supervisor Sales (Kode : Supervisor Sales)', '2. Personalia (Kode : Personalia)']","[[['', 'D3 / S1 dari semua jurusan', 'IPK min 2.8', 'Usia Maks. 35 tahun', 'Memiliki passion di bidang marketing', 'Bersedia ditempatkan di area Sulawesi, Jateng, Jatim', '']], [['', 'S1 Hukum / Psikologi', 'IPK min 2.8', 'Usia Maks.35 tahun', 'Tanggap dan memiliki ketahanan kerja yang baik', 'Bersedia ditempatkan di area Jateng dan Jatim', '']]]","[['Kualifikasi'], ['Kualifikasi']]",E:/Belajar/www.disnakerja.com/images/PT Wings Surya (Wings Group).jpg,"['Bagi Anda yang berminat, silahkan mengirimkan kelengkapan lamaran Anda (Surat Lamaran, CV, Ijazah, Sertifikat, Surat Keterangan Catatan Kepolisian (SKCK), Surat Tanda Sehat (Bebas Hepaitis dan TBC), Pas Foto, Fotokopi Kartu Keluarga, Fotokopi KTP & SIM) ke email kami:', 'Jatim : join.jatim@sby.wingscorp.com, Jateng : join.jateng@sby.wingscorp.com, Sulawesi : join.sulawesi@sby.wingscorp.com']","January 19, 2021",https://www.disnakerja.com/job/lowongan-kerja-pt-wings-surya-wings-group-2/,_,"<p style=""text-align: justify;"">Wings Group Indonesia telah memiliki rekam jejak yang cukup panjang di Indonesia. Perusahaan ini pertama kali berdiri di daerah Jawa Timur sekitar 60 tahun yang lalu. Kini, Wings telah tumbuh dan berkembang menjadi sebuah brand ternama di Indonesia. Produk pertama yang dihasilkan perusahaan ini adalah sabun dan deterjen yang terbukti laris di pasaran. Seiring perkembangannya, perusahaan ini pun mulai merambah ke produksi produk-produk pembersih lainnya dan juga menambah jaringan distribusinya ke seluruh Indonesia. Saat ini, Wings pun merambah ke bidang produk-produk perawatan tubuh dan juga produk makanan. Wings saat ini telah diakui sebagai produsen lokal dan distributor untuk produk rumah tangga dan produk perawatan pribadi yang terkemuka. Kombinasi antara ilmu pengetahuan dan teknologi manufaktur yang mutakhir akan tetap membuat ‘Wings’ berdedikasi untuk menyediakan produk-produk berkualitas dengan harga yang terjangkau sesuai dengan visi perusahaan.</p>; <p style=""text-align: justify;"">Saat ini PT Wings Surya (Wings Group) kembali membuka lowongan kerja terbaru pada bulan Januari 2021 . Adapun dibawah ini adalah posisi jabatan yang saat ini tersedia bagi Anda para pencari kerja yang tertarik untuk mengembangkan karir Anda bersama PT Wings Surya (Wings Group) dengan kualifikasi sebagai berikut.</p>"
16,PT Tri Adi Bersama (Anteraja) – Triputra Group,"['1. General Affair Officer', '2. Operation Support Manager']","[[['', 'Male', 'Minimum education D3/S1 all major', 'Has experience as a GA Officer', 'Maximum age 35 years old', 'Have a good analysis and are used to managing office administration', 'Decisive and have a good communication and are able to coordinate with related parties', '']], [['', 'Male or Female, Preferrable Female', 'Age under 45 years old', 'Have at least years experience in the same field', 'Minimum 2 years managerial experience', 'Have a good Integrity', 'Detail oriented but also has a drive to generate results based on data', 'Willing to travel to all branches (SS and Hub) Anteraja throuhout Indonesia', '']]]","[['Qualifications'], ['Qualifications']]",E:/Belajar/www.disnakerja.com/images/PT Tri Adi Bersama (Anteraja) – Triputra Group.jpg,"['Silahkan kirimCV terbaru anda melalui email ke:', 'recruitment-ref@anteraja.id, Subject Email : Posisi Yang Dilamar', '\xa0']","January 19, 2021",https://www.disnakerja.com/job/lowongan-kerja-pt-tri-adi-bersama-anteraja-triputra-group/,_,"<p style=""text-align: justify;"">Anteraja adalah perusahaan penyedia jasa pengiriman barang berbasis teknologi yang melayani pengiriman ke kota-kota besar di Indonesia. Anteraja akan terus bergerak dengan mengedepankan nilai SATRIA yang memiliki arti Sigap, Aman, Terpercaya, Ramah, Integritas, dan Amanah. Anteraja berdedikasi untuk terus menjadi perusahaan jasa pengiriman yang #PastiBawaHepi untuk semua! Kamu tak perlu cemas barang hilang atau rusak ketika berbelanja secara online, karena belanja tidak pernah seaman ini. Bagi kamu yang suka berbelanja secara online kini layanan Anteraja sudah tersedia di Tokopedia, namun jangan khawatir karena Satria Anteraja segera siap anter barang di e-commerce lain kesayangan kamu.</p>; <p style=""text-align: justify;"">Layanan Anteraja sendiri terdiri dari 2 layanan pengiriman, yaitu Next Day dan Regular. Layanan Next Day menjamin barang sampai 1 hari setelah dipickup. Tidak kalah cepat dengan Next Day, layanan Regular juga bisa bikin kami HEPI dengan harga lebih ekonomis namun waktu pengiriman 1-2 hari! Jangan ragu lagi untuk menggunakan Anteraja ya, karena Anteraja adalah jasa pengiriman barang yang #PastiBawaHepi!</p>; <p style=""text-align: justify;"">Saat ini PT Tri Adi Bersama (Anteraja) – Triputra Group kembali membuka lowongan kerja terbaru pada bulan Januari 2021. Adapun dibawah ini adalah posisi jabatan yang saat ini tersedia bagi Anda para pencari kerja yang tertarik untuk mengembangkan karir Anda bersama PT Tri Adi Bersama (Anteraja) – Triputra Group dengan kualifikasi sebagai berikut.</p>"
