0,https://goletskerja.com/author/kerjagolet/
0,https://goletskerja.com/author/kerjagolet/
0,https://goletskerja.com/author/kerjagolet/
0,https://goletskerja.com/author/kerjagolet/
0,https://goletskerja.com/author/kerjagolet/
0,https://goletskerja.com/author/kerjagolet/
0,https://goletskerja.com/author/kerjagolet/
0,https://goletskerja.com/author/kerjagolet/
0,https://goletskerja.com/author/kerjagolet/
0,https://goletskerja.com/author/kerjagolet/
0,https://goletskerja.com/author/kerjagolet/
0,https://goletskerja.com/author/kerjagolet/
