,Unnamed: 0,Nama,Posisi,Kualifikasi,kode_kual,Path_Gambar,Keterangan,Tanggal,Alamat,header,info,byk_hasil,nama_nomer
0,0,PT Yamaha Motor Parts Manufacturing Indonesia,['Recruitment & Selection Staff'],"[[['Max 27 years old', 'GPA min 3.00 from reputable university', 'S1 Degree, majoring in Psychology', 'Required skill: conduct psychological test and scoring, BEI', 'Hard worker, able to multi-tasks and prioritize with strict deadlines', 'Fluent in English', 'Good analytical and problem solving skills', 'Willing to be placed in KIIC, Karawang Jawa Barat', 'Fresh Graduate welcome to apply']]]",[['Requirements :']],E:/Belajar/www.disnakerja.com/images/PT Yamaha Motor Parts Manufacturing Indonesia.jpg,"['Bagi Anda yang berminat, silahkan mengirimkan lamaran ke :', 'hrd_YPMI@yamaha-motor.co.id', 'Email: , Subject: RS Staff', '/cdn-cgi/l/email-protection', 'Deadline: March 2021']","February 11, 2021",https://www.disnakerja.com/job/lowongan-kerja-pt-yamaha-motor-parts-manufacturing-indonesia/," <p style=""text-align: justify;"">PT Yamaha Motor Parts Manufacturing Indonesia atau YPMI adalah perusahaan Jepang yang bergerak di bidang manufaktur komponen parts industri sepeda motor Yamaha di Indonesia. Sistem produksi YPMI didukung oleh fasilitas modern, teknologi tinggi dan sistem kontrol kualitas yang tepat untuk memenuhi standar kualitas Yamaha di seluruh dunia. PT. Yamaha Motor Parts Manufacturing Indonesia sebagai bagian integral dari jaringan Pabrik Manufaktur Yamaha di seluruh dunia juga secara aktif terlibat dalam pembuatan produk dengan kualitas dan kinerja yang lebih tinggi untuk lebih meningkatkan kualitas Yamaha.</p> <p style=""text-align: justify;"">Saat ini PT Yamaha Motor Parts Manufacturing Indonesia kembali membuka lowongan kerja terbaru pada bulan Februari 2021. Adapun dibawah ini adalah posisi jabatan yang saat ini tersedia bagi Anda para pencari kerja yang tertarik untuk mengembangkan karir Anda bersama PT Yamaha Motor Parts Manufacturing Indonesia dengan kualifikasi sebagai berikut.</p><p> Untuk beberapa orang, dalam mencari pekerjaan adalah sesuatu hal yang cukup sulit. kalaupun mendapatkan pekerjaan itu mudah, belum tentu itu sesuai dengan apa yang kita inginkan. Yang terpenting sekarang adalah ikhtiar, Semangat, dan berusaha. Sesulit apapun dalam mencari kerja, kita tetap yakin kita masih punya Allah SWT yang maha kaya dan tetap pantang menyerah.</p>
                                            <p> Kegagalan bukan bearti Anda berakhir dalam menjalani kehidupan, Manakala Anda Masih diberikan kenikmatan hidup sembari terus mencoba dan belajar dalam mengembangkan bisnis. Orang-orang mungkin menganggap anda telah gagal. Namun jika anda masih tetap terus berjuang mencoba dan menikmati hidup, maka anda belum berada pada kegagalan. Durasi Hidup Anda Akan Terasa Singkat Ketika Rasa Dendam Masih Memenuhi Kepala Anda. Jangan biarkan isi kepala dan hari-hari anda dipenuhi rasa dendam, karena itu akan membuat hidup anda penuh kegelapan dan takkan memiliki makna. Ujung -ujungnya adalah mempersingkat hidup anda. Yang Berani Mendengar adalah Mereka yang Memiliki Sejuta Angan-angan Belaka. Yang Berani Melihat adalah Mereka yang Memiliki Sejuta Impian Belaka. Dan Yang Berani Mencoba adalah Mereka yang Akan Memiliki Angan-angan dan Impian yang Nyata.</p>
                                            ","
Bagi Anda yang berminat, silahkan mengirimkan lamaran ke :
hrd_YPMI@yamaha-motor.co.id
Email: , Subject: RS Staff
/cdn-cgi/l/email-protection
Deadline: March 2021",3,"[2, 1, 0]"
1,1,PT Kimia Farma (Persero) Tbk,['Management Trainee Program 2021'],"[[['Warga Negara Indonesia', 'Belum pernah menikah', 'Sehat jasmani dan rohani', 'Freshgraduate', 'Akreditasi kampus minimal B', 'IPK minimal 3.0 (skala 4.0)', 'Usia maksimal', '25 th (S1)', '26 th (Profesi)', '27 th (S2)', 'Bersedia ditempatkan diseluruh wilayah kerja Kimia Farma Group'], ['Riset dan Pengembangan Produk (Profesi Apoteker, S1 Kimia)', 'Marketing & Sales (Any Major)', 'Pharmacist (Profesi Apoteker)', 'Ka. Layanan (Any Major)', 'Finance & Accounting (S1 Akuntansi)', 'Market Development (S1 Farmasi, S1 Kesehatan)']]]","[['Kualifikasi', 'Posisi :']]",E:/Belajar/www.disnakerja.com/images/PT Kimia Farma (Persero) Tbk.jpg,"['Send over your resumes at', ' Apply ', 'https://rekrutmen.kimiafarma.co.id/vacancy/detail/56', 'Paling lambat 21 Februari 2021']","February 11, 2021",https://www.disnakerja.com/job/lowongan-kerja-pt-kimia-farma-persero-tbk/," <p style=""text-align: justify;"">Kimia Farma adalah perusahaan industri farmasi pertama di Indonesia yang didirikan oleh Pemerintah Hindia Belanda tahun 1817. Nama perusahaan ini pada awalnya adalah NV Chemicalien Handle Rathkamp &amp; Co. Berdasarkan kebijaksanaan nasionalisasi atas eks perusahaan Belanda di masa awal kemerdekaan, pada tahun 1958, Pemerintah Republik Indonesia melakukan peleburan sejumlah perusahaan farmasi menjadi PNF (Perusahaan Negara Farmasi) Bhinneka Kimia Farma. Kemudian pada tanggal 16 Agustus 1971, bentuk badan hukum PNF diubah menjadi Perseroan Terbatas, sehingga nama perusahaan berubah menjadi PT Kimia Farma (Persero).</p> <p style=""text-align: justify;"">Saat ini PT Kimia Farma (Persero) Tbk kembali membuka lowongan kerja terbaru pada bulan Februari 2021. Adapun dibawah ini adalah posisi jabatan yang saat ini tersedia bagi Anda para pencari kerja yang tertarik untuk mengembangkan karir Anda bersama PT Kimia Farma (Persero) Tbk dengan kualifikasi sebagai berikut.</p> <h4 style=""text-align: center;"">Lowongan Kerja PT Kimia Farma (Persero) Tbk</h4><p> Untuk beberapa orang, dalam mencari pekerjaan adalah sesuatu hal yang cukup sulit. kalaupun mendapatkan pekerjaan itu mudah, belum tentu itu sesuai dengan apa yang kita inginkan. Yang terpenting sekarang adalah ikhtiar, Semangat, dan berusaha. Sesulit apapun dalam mencari kerja, kita tetap yakin kita masih punya Allah SWT yang maha kaya dan tetap pantang menyerah.</p>
                                            <p> Kegagalan bukan bearti Anda berakhir dalam menjalani kehidupan, Manakala Anda Masih diberikan kenikmatan hidup sembari terus mencoba dan belajar dalam mengembangkan bisnis. Orang-orang mungkin menganggap anda telah gagal. Namun jika anda masih tetap terus berjuang mencoba dan menikmati hidup, maka anda belum berada pada kegagalan. Durasi Hidup Anda Akan Terasa Singkat Ketika Rasa Dendam Masih Memenuhi Kepala Anda. Jangan biarkan isi kepala dan hari-hari anda dipenuhi rasa dendam, karena itu akan membuat hidup anda penuh kegelapan dan takkan memiliki makna. Ujung -ujungnya adalah mempersingkat hidup anda. Yang Berani Mendengar adalah Mereka yang Memiliki Sejuta Angan-angan Belaka. Yang Berani Melihat adalah Mereka yang Memiliki Sejuta Impian Belaka. Dan Yang Berani Mencoba adalah Mereka yang Akan Memiliki Angan-angan dan Impian yang Nyata.</p>
                                            ","
Send over your resumes at
 Apply 
https://rekrutmen.kimiafarma.co.id/vacancy/detail/56
Paling lambat 21 Februari 2021",3,"[2, 1, 0]"
2,2,PT Rekayasa Cakrawala Resources (RECARE),"['1. Mobile Developer (Android)', '2. Back-end Developer', '3. Training Program Development Staff', '4. Knowledge Center Staff', '5. Tank Superintendent', '6. Electrical Designer (3D)', '7. Electrical Designer (2D)', '8. Electrical Engineer (Junior Level)', '9. Electrical Engineer (Middle Level)', '10. Instrument Engineer']","[[['Have at least 1 year experience in developing mobile applications', 'Using Kotlin for Android development', 'Familiar with Git for versioning', 'Have a good understanding of OOP', 'Understand using SQLite and RESTful concept', 'Understanding RDBMS is an advantage', 'Can work independently', 'Possess experience in using Adobe XD, Figma, or Sketch (or at least one of them)', 'Have an understanding of design patterns', 'Contract Based – Jakarta']], [['Have min 2 years experiences in related field development', 'Have good analysis', 'Using Python Language for Backend development, using Djang framework', 'Being able to use the PHP language with the Laravel framework is an advantage', 'Familiar with using Swagger for API documentation', 'Understand the use of MySQL, MSSQL, PostgreSQL databases', 'Understanding NoSQL such as Redis, MongoDB, RethinkDB, or Firebase is an advantage', 'Familiarity with using Git for versioning', 'Have a good understanding of OOP', 'Have an understanding of the RESTful concept', 'Having an understanding of RESTful alternatives such as GraphQL or gRPC is an advantage', 'Having experience in supporting realtime applications is an advantage', 'Can work independently', 'Good communication skill', 'Have an understanding of pattern design software', 'Contract Based – Jakarta']], [['Bachelor degree all majors (preferably from Training and Education Faculty)', '0-2 years experiences in general office', 'Able to create and compile a training syllabus and modules.', 'Able to develop training packages', 'Responsible to the end-to-end process of the knowledge centre tasks', 'Contract Based – Jakarta']], [['Diploma/Bachelor degree all majors', 'Min 5 years experience in the same field', 'Have expertise in graphic design and video editing as well as digital marketing understanding', 'Able to create training module content (text, enriched graphical, and video)', 'Possess experience in creating flyers, infographics, short video for marketing purpose and fill website and social media content', 'Responsible to compile a database of training materials', 'Contract Based – Jakarta']], [['Bachelor degree’s in Engineering', 'Intensive knowledge and work experience related Tank Erection', 'More than 10 years experiences in Construction site Oil, Gas, Petrochemical and Refinery Plant as Mechanical Supervisor (Tank Erection)', '5-10 years experiences in this position are welcomed too.', 'Contract Based – Jakarta/Balikpapan']], [['Diploma/Bachelor degree’s in Electrical Engineering or related major', '5 years experiences as 3D Design', 'Experience in SP3D Modelling of Electrical', 'Fluent in English', 'Contract Based']], [['Diploma/Bachelor’s degree in Electrical Engineering or related major', '5 years experiences in the same field', 'Familiar with 2D Drawing Software', 'Fluent in English', 'Contract Based']], [['D3/S1 Degree in Electrical Engineer', 'Experiences 4-7 years in the same field (Power Plant Sector is preferable)', 'Excellent English', 'Contract Based']], [['S1 Degree in Electrical Engineering', 'Experience: 7-15 years in the same field (Power Plant Sector is preferable)', 'Excellent English', 'Have capability: Investigate of Control Cable Ground System related to control card damage by lightning impact', 'Contract Based']], [['Bachelor’s Degree in Instrument / Physics engineering from reputable university', 'At least 5 years experience on engineering department as Control/Instrument Engineer or System Integration Engineer', 'Good Experience with P&ID, DCS, PLC, Design & Programming', 'Possesses experience in Freeport (preferable)', 'Willing to work in surface mine and UG mine, Papua', 'Contract Based']]]","[['Qualification:'], ['Qualification:'], ['Qualification:'], ['Qualification:'], ['Qualification:'], ['Qualification:'], ['Qualification:'], ['Qualification:'], ['Qualification:'], ['Qualification:']]",E:/Belajar/www.disnakerja.com/images/PT Rekayasa Cakrawala Resources (RECARE).jpg,"['If you are interested into applying this position, send your CV to:', 'recruitment@recare.rekayasa.co.id', '/cdn-cgi/l/email-protection', 'or apply at link below', ' Apply ', 'http://recare.rekayasa.com/jobvacancy.aspx']","February 11, 2021",https://www.disnakerja.com/job/lowongan-kerja-pt-rekayasa-cakrawala-resources-recare-2/," <p style=""text-align: justify;"">PT Rekayasa Cakrawala Resources (RECARE) didirikan pada 27 Juli 2006, di Jakarta oleh PT Rekayasa Teknik, salah satu perusahaan teknik terkemuka di Indonesia. Ketika didirikan, bisnis utama RECARE adalah Man Power Supply untuk memenuhi kebutuhan tenaga kerja PT Rekayasa Industri (REKIND), dan di sepanjang jalan kami juga menyediakan tenaga kerja profesional untuk proyek-proyek dengan cakupan yang lebih besar.</p> <p style=""text-align: justify;"">Saat ini PT Rekayasa Cakrawala Resources (RECARE) kembali membuka lowongan kerja terbaru pada bulan Februari 2021. Adapun dibawah ini adalah posisi jabatan yang saat ini tersedia bagi Anda para pencari kerja yang tertarik untuk mengembangkan karir Anda bersama PT Rekayasa Cakrawala Resources (RECARE) dengan kualifikasi sebagai berikut.</p><p> Untuk beberapa orang, dalam mencari pekerjaan adalah sesuatu hal yang cukup sulit. kalaupun mendapatkan pekerjaan itu mudah, belum tentu itu sesuai dengan apa yang kita inginkan. Yang terpenting sekarang adalah ikhtiar, Semangat, dan berusaha. Sesulit apapun dalam mencari kerja, kita tetap yakin kita masih punya Allah SWT yang maha kaya dan tetap pantang menyerah.</p>
                                            <p> Kegagalan bukan bearti Anda berakhir dalam menjalani kehidupan, Manakala Anda Masih diberikan kenikmatan hidup sembari terus mencoba dan belajar dalam mengembangkan bisnis. Orang-orang mungkin menganggap anda telah gagal. Namun jika anda masih tetap terus berjuang mencoba dan menikmati hidup, maka anda belum berada pada kegagalan. Durasi Hidup Anda Akan Terasa Singkat Ketika Rasa Dendam Masih Memenuhi Kepala Anda. Jangan biarkan isi kepala dan hari-hari anda dipenuhi rasa dendam, karena itu akan membuat hidup anda penuh kegelapan dan takkan memiliki makna. Ujung -ujungnya adalah mempersingkat hidup anda. Yang Berani Mendengar adalah Mereka yang Memiliki Sejuta Angan-angan Belaka. Yang Berani Melihat adalah Mereka yang Memiliki Sejuta Impian Belaka. Dan Yang Berani Mencoba adalah Mereka yang Akan Memiliki Angan-angan dan Impian yang Nyata.</p>
                                            ","
If you are interested into applying this position, send your CV to:
recruitment@recare.rekayasa.co.id
/cdn-cgi/l/email-protection
or apply at link below
 Apply 
http://recare.rekayasa.com/jobvacancy.aspx",12,"[11, 10, 9, 8, 7, 6, 5, 4, 3, 2, 1, 0]"
3,3,PT Bukit Makmur Mandiri Utama (BUMA),['BUMA Management Development Program (BMDP 35)'],"[[['Finance', 'Accounting', 'Psychology', 'Management', 'Mathematics – Actuarial Science', 'Law', 'Mining Engineering', 'Geological Engineering', 'Geodesy Engineering', 'Industrial Engineering', 'Mechanical Engineering', 'Electrical Engineering', 'Environmental Engineering', 'Health & Safety'], ['Minimal GPA 3.00 (Bachelor Degree)', 'Minimal GPA 3.25 (Master Degree)', 'Single, Maximal 24 year old (Bachelor Degree)', 'Single, Maximal 26 year old (Master Degree)', 'Fluent in English', 'Willing to be placed at all over BUMA’s area']]]","[['Requirements :', 'Special Requirements :']]",E:/Belajar/www.disnakerja.com/images/PT Bukit Makmur Mandiri Utama (BUMA).jpg,"['If you meet these requirements, please register yourself before 21st February, 2021. Click link below for registration', ' Apply', 'https://buma-recruitment.typeform.com/to/ApTefcq5', 'Your Excellent Future, Start Here!']","February 11, 2021",https://www.disnakerja.com/job/lowongan-kerja-pt-bukit-makmur-mandiri-utama-buma/," <p style=""text-align: justify;"">PT Bukit Makmur Mandiri Utama, atau yang sering disebut dengan BUMA, didirikan pada tahun 1998, dan saat ini merupakan kontraktor pertambangan batubara terbesar kedua di Indonesia yang beroperasi secara independen. BUMA merupakan bisnis keluarga pada saat didirikan, dan kemudian diakuisisi oleh Delta Dunia pada tahun 2009, sehingga berubah menjadi korporasi yang dioperasikan secara professional. BUMA saat ini memiliki pangsa pasar sebesar sekitar 20%, dengan menyediakan jasa pertambangan bagi beberapa perusahaan tambang terbesar dan terlama di industri batubara Indonesia, serta beberapa pemain baru yang memiliki potensi pertumbuhan masa depan yang tinggi. BUMA melakukan pekerjaan penambangan secara menyeluruh, mulai dari pengupasan lapisan tanah penutup, penambangan batu bara, pengangkutan batu bara serta reklamasi dan rehabilitasi tanah. Operasional BUMA didukung lebih dari 11.300 karyawan bersama dengan tim manajemen yang solid dan berpengalaman di bidang penambangan batu bara, serta difasilitasi dengan teknologi canggih dan lebih dari 2.500 unit alat berat dari berbagai merek seperti Komatsu, Caterpillar, Hitachi, Volvo, Scania dan Mercedes. Saat ini, BUMA memiliki dua kantor perwakilan yang berlokasi di Balikpapan, Kalimantan Selatan dan Tanjung Redeb, Kalimantan Timur.</p> <p style=""text-align: justify;"">Saat ini PT Bukit Makmur Mandiri Utama (BUMA) kembali membuka lowongan kerja terbaru pada bulan Februari 2021. Adapun dibawah ini adalah posisi jabatan yang saat ini tersedia bagi Anda para pencari kerja yang tertarik untuk mengembangkan karir Anda bersama PT Bukit Makmur Mandiri Utama (BUMA) dengan kualifikasi sebagai berikut.</p><p> Untuk beberapa orang, dalam mencari pekerjaan adalah sesuatu hal yang cukup sulit. kalaupun mendapatkan pekerjaan itu mudah, belum tentu itu sesuai dengan apa yang kita inginkan. Yang terpenting sekarang adalah ikhtiar, Semangat, dan berusaha. Sesulit apapun dalam mencari kerja, kita tetap yakin kita masih punya Allah SWT yang maha kaya dan tetap pantang menyerah.</p>
                                            <p> Kegagalan bukan bearti Anda berakhir dalam menjalani kehidupan, Manakala Anda Masih diberikan kenikmatan hidup sembari terus mencoba dan belajar dalam mengembangkan bisnis. Orang-orang mungkin menganggap anda telah gagal. Namun jika anda masih tetap terus berjuang mencoba dan menikmati hidup, maka anda belum berada pada kegagalan. Durasi Hidup Anda Akan Terasa Singkat Ketika Rasa Dendam Masih Memenuhi Kepala Anda. Jangan biarkan isi kepala dan hari-hari anda dipenuhi rasa dendam, karena itu akan membuat hidup anda penuh kegelapan dan takkan memiliki makna. Ujung -ujungnya adalah mempersingkat hidup anda. Yang Berani Mendengar adalah Mereka yang Memiliki Sejuta Angan-angan Belaka. Yang Berani Melihat adalah Mereka yang Memiliki Sejuta Impian Belaka. Dan Yang Berani Mencoba adalah Mereka yang Akan Memiliki Angan-angan dan Impian yang Nyata.</p>
                                            ","
If you meet these requirements, please register yourself before 21st February, 2021. Click link below for registration
 Apply
https://buma-recruitment.typeform.com/to/ApTefcq5
Your Excellent Future, Start Here!",3,"[2, 1, 0]"
4,4,PT Mass Rapid Transit Jakarta (MRT Jakarta),"['1. Legal Construction & Operation Specialist', '2. Power System Maintenance Section Head', '3. Track Maintenance Section Head']","[[['Pendidikan S1 dari Jurusan Hukum', 'Memiliki pengalaman kerja 3-6 tahun di bidang Legal, khususnya di bidang Construction dan Operation Legal', 'Memiliki pemahaman terkait FIDIC Contract', 'Mampu melakukan perencanaan, penyelesaian masalah, negosiasi dengan pihak internal dan eskternal, dan mampu berorganisasi dengan efektif', 'Memiliki kemampuan leadership, teamwork, dan kemampuan komunikasi yang baik', 'Aktif berbahasa Inggris']], [['Pendidikan minimal S1 dari Jurusan Teknik Listrik (Aliran Atas / Arus Kuat)', 'Pengalaman kerja selama minimum 3-6 tahun di bidang maintenance power (gardu, plant atau alat pembangkit listrik)', 'Sertifikasi Keahlian terkait merupakan nilai tambah', 'Memiliki pemahaman terkait regulasi, kontrak, dan peraturan-peraturan terkait', 'Memahami sisi desain perencanaan, analisis dan penyelesaian masalah, negosiasi, dan mampu berorganisasi', 'Pengalaman dalam kerja sama atau pemanfaatan aset', 'Mempunyai jiwa kepemimpinan, teamwork, dan kemampuan komunikasi yang baik']], [['Pendidikan minimal S1 dari Jurusan Teknik Sipil', 'Pengalaman kerja selama minimum 3-6 tahun di bidang maintenance track', 'Sertifikasi Keahlian terkait merupakan nilai tambah.', 'Memiliki pemahaman terkait regulasi, kontrak, dan peraturan-peraturan terkait', 'Memahami sisi desain perencanaan, analisis dan penyelesaian masalah, negosiasi, dan mampu berorganisasi', 'Pengalaman dalam kerja sama atau pemanfaatan aset', 'Mempunyai jiwa kepemimpinan, teamwork, dan kemampuan komunikasi yang baik'], ['Gaji Pokok + Tunjangan.', 'BPJS Kesehatan dan BPJS Ketenagakerjaan.', 'Asuransi Kesehatan.', 'Asuransi Kecelakaan Kerja.', 'Dana Pensiun (setelah menjadi Karyawan Tetap).', 'Pelatihan dan Pengembangan Diri.']]]","[['Kualifikasi'], ['Kualifikasi'], ['Kualifikasi', '']]",E:/Belajar/www.disnakerja.com/images/PT Mass Rapid Transit Jakarta (MRT Jakarta).jpg,"['Bagi Anda yang berminat, silahkan melakukan pendaftaran secara online:', ' Apply \xa0– Legal Construction & Operation Specialist', 'https://career10.successfactors.com/career?career%5fns=job%5flisting&company=ptmassrapi&navBarLevel=JOB%5fSEARCH&rcm%5fsite%5flocale=en%5fGB&career_job_req_id=1170&selected_lang=en_GB&jobAlertController_jobAlertId=&jobAlertController_jobAlertName=&_s.crb=5Rel%2fGI39Vfjwo7KTHMVBqHvH%2fU%2bP0ZFCa292CdyFc8%3d', ' Apply ', 'Apply \xa0– Power System Maintenance Section Head', 'https://career10.successfactors.com/career?career%5fns=job%5flisting&company=ptmassrapi&navBarLevel=JOB%5fSEARCH&rcm%5fsite%5flocale=en%5fGB&career_job_req_id=1172&selected_lang=en_GB&jobAlertController_jobAlertId=&jobAlertController_jobAlertName=&_s.crb=5Rel%2fGI39Vfjwo7KTHMVBqHvH%2fU%2bP0ZFCa292CdyFc8%3d', 'Apply ', 'Apply \xa0– Track Maintenance Section Head', 'https://career10.successfactors.com/career?career%5fns=job%5flisting&company=ptmassrapi&navBarLevel=JOB%5fSEARCH&rcm%5fsite%5flocale=en%5fGB&career_job_req_id=1171&selected_lang=en_GB&jobAlertController_jobAlertId=&jobAlertController_jobAlertName=&_s.crb=BPlus%2fFrXaEhIRvATfX9Ohz1gQiv1kvsFLMLc825U7Y%3d']","February 11, 2021",https://www.disnakerja.com/job/lowongan-kerja-pt-mrt-jakarta/," <p style=""text-align: justify;"">. Jakarta adalah ibu kota Indonesia dengan penduduk sebanyak 10 juta jiwa. Diperkirakan bahwa lebih dari empat juta penduduk di daerah sekitar Jabodetabek menempuh perjalanan ke dan dari kota setiap hari kerja. Masalah transportasi semakin mulai menarik perhatian politik dan telah diprediksikan bahwa tanpa terobosan transportasi utama, kemacetan akan membanjiri kota dan akan menjadi kemacetan lalu lintas yang sangat parah sehingga kendaraan tidak bisa bergerak bahkan pada saat baru keluar dari garasi rumah pada tahun 2020.</p> <p style=""text-align: justify;"">Sejak tahun 1980 lebih dari dua puluh lima studi subjek umum dan khusus telah dilakukan terkait dengan kemungkinan sistem Mass Rapid Transit (MRT) di Jakarta. Salah satu alasan utama yang menunda penanggulangan masalah ini adalah krisis ekonomi dan politik 1997-1999. Sebelum krisis, sebuah Build-Operate-Transfer (BOT) yang dianggap sebagai bagian dari MRT baru melibatan sektor swasta. Setelah krisis, rencana mengandalkan BOT untuk menyediakan pembiayaan terbukti tidak layak dan proyek MRT kembali diusulkan sebagai skema yang didanai pemerintah.</p> <p style=""text-align: justify;"">Saat ini PT MRT Jakarta kembali membuka lowongan kerja terbaru pada bulan Februari 2021. Adapun dibawah ini adalah posisi jabatan yang saat ini tersedia bagi Anda para pencari kerja yang tertarik untuk mengembangkan karir Anda bersama PT MRT Jakarta dengan kualifikasi sebagai berikut.</p> <h4 style=""text-align: center;"">Lowongan Kerja PT MRT Jakarta</h4><p> Untuk beberapa orang, dalam mencari pekerjaan adalah sesuatu hal yang cukup sulit. kalaupun mendapatkan pekerjaan itu mudah, belum tentu itu sesuai dengan apa yang kita inginkan. Yang terpenting sekarang adalah ikhtiar, Semangat, dan berusaha. Sesulit apapun dalam mencari kerja, kita tetap yakin kita masih punya Allah SWT yang maha kaya dan tetap pantang menyerah.</p>
                                            <p> Kegagalan bukan bearti Anda berakhir dalam menjalani kehidupan, Manakala Anda Masih diberikan kenikmatan hidup sembari terus mencoba dan belajar dalam mengembangkan bisnis. Orang-orang mungkin menganggap anda telah gagal. Namun jika anda masih tetap terus berjuang mencoba dan menikmati hidup, maka anda belum berada pada kegagalan. Durasi Hidup Anda Akan Terasa Singkat Ketika Rasa Dendam Masih Memenuhi Kepala Anda. Jangan biarkan isi kepala dan hari-hari anda dipenuhi rasa dendam, karena itu akan membuat hidup anda penuh kegelapan dan takkan memiliki makna. Ujung -ujungnya adalah mempersingkat hidup anda. Yang Berani Mendengar adalah Mereka yang Memiliki Sejuta Angan-angan Belaka. Yang Berani Melihat adalah Mereka yang Memiliki Sejuta Impian Belaka. Dan Yang Berani Mencoba adalah Mereka yang Akan Memiliki Angan-angan dan Impian yang Nyata.</p>
                                            ","
Bagi Anda yang berminat, silahkan melakukan pendaftaran secara online:
 Apply  – Legal Construction & Operation Specialist
https://career10.successfactors.com/career?career%5fns=job%5flisting&company=ptmassrapi&navBarLevel=JOB%5fSEARCH&rcm%5fsite%5flocale=en%5fGB&career_job_req_id=1170&selected_lang=en_GB&jobAlertController_jobAlertId=&jobAlertController_jobAlertName=&_s.crb=5Rel%2fGI39Vfjwo7KTHMVBqHvH%2fU%2bP0ZFCa292CdyFc8%3d
 Apply 
Apply  – Power System Maintenance Section Head
https://career10.successfactors.com/career?career%5fns=job%5flisting&company=ptmassrapi&navBarLevel=JOB%5fSEARCH&rcm%5fsite%5flocale=en%5fGB&career_job_req_id=1172&selected_lang=en_GB&jobAlertController_jobAlertId=&jobAlertController_jobAlertName=&_s.crb=5Rel%2fGI39Vfjwo7KTHMVBqHvH%2fU%2bP0ZFCa292CdyFc8%3d
Apply 
Apply  – Track Maintenance Section Head
https://career10.successfactors.com/career?career%5fns=job%5flisting&company=ptmassrapi&navBarLevel=JOB%5fSEARCH&rcm%5fsite%5flocale=en%5fGB&career_job_req_id=1171&selected_lang=en_GB&jobAlertController_jobAlertId=&jobAlertController_jobAlertName=&_s.crb=BPlus%2fFrXaEhIRvATfX9Ohz1gQiv1kvsFLMLc825U7Y%3d",5,"[4, 3, 2, 1, 0]"
5,5,PT Sukanda Djaya – Diamond Cold Storage,['Customer Service'],"[[['Famale', 'Max. 27 years old', 'Min. Diploma Degree in any field', 'Min. 1 years experiences in the same postion', 'Fresh graduates are welcome to apply', 'Has a customer service skill and good communication skill', 'Able to work under pressure and target oriented', 'Have good problem solving skill', 'Highly fast response and good listener', 'Honest, loyal, fast learner and good at teamwork', 'Willing to be placed in Cimahi']]]",[['Qualification']],E:/Belajar/www.disnakerja.com/images/PT Sukanda Djaya – Diamond Cold Storage.jpg,"['Interested applicants send CV and cover letter to :', 'hrdsukandacimahi@gmail.com', ', Subject: (Name_Applied position)', '/cdn-cgi/l/email-protection']","February 11, 2021",https://www.disnakerja.com/job/lowongan-kerja-pt-sukanda-djaya-diamond-cold-storage/," <p style=""text-align: justify;"">PT. Sukanda Djaya adalah perusahaan distribusi berbagai jenis makanan dan minuman yang bermarkas di Bekasi, Indonesia. Didirikan pada tahun 1974 oleh W.T. Chen, Sukanda Djaya mengimpor produk makanan dan minuman dengan kategori beku, dingin, dan kering dari Jepang, Italia, Amerika Serikat, Prancis, Australia, Selandia Baru dan Norwegia lalu memproses dan mendistribusikannya ke seluruh Indonesia bersama produk perusahaan induknya, yakni Diamond Cold Storage.</p> <p style=""text-align: justify;"">Pada awal berdirinya pada tahun 1974, Sukanda Djaya baru menjalankan fungsi administratif. Barulah pada tahun 1978, Sukanda mulai mendistribusikan produk es krim yang diproduksi perusahaan induk-nya. Pada tahun 1986, manajemen memutuskan untuk mendirikan Divisi Frozen Food dan pada tahun 1995, mulai mendistribusikan produk makanan dan minuman kering. Kini, Sukanda Djaya memiliki 17 kantor distribusi yang tersebar di Pulau Jawa, Sumatera, Bali, Kalimantan, dan Sulawesi.</p> <h4 style=""text-align: center;"">Lowongan Kerja PT Sukanda Djaya – Diamond Cold Storage</h4><p> Untuk beberapa orang, dalam mencari pekerjaan adalah sesuatu hal yang cukup sulit. kalaupun mendapatkan pekerjaan itu mudah, belum tentu itu sesuai dengan apa yang kita inginkan. Yang terpenting sekarang adalah ikhtiar, Semangat, dan berusaha. Sesulit apapun dalam mencari kerja, kita tetap yakin kita masih punya Allah SWT yang maha kaya dan tetap pantang menyerah.</p>
                                            <p> Kegagalan bukan bearti Anda berakhir dalam menjalani kehidupan, Manakala Anda Masih diberikan kenikmatan hidup sembari terus mencoba dan belajar dalam mengembangkan bisnis. Orang-orang mungkin menganggap anda telah gagal. Namun jika anda masih tetap terus berjuang mencoba dan menikmati hidup, maka anda belum berada pada kegagalan. Durasi Hidup Anda Akan Terasa Singkat Ketika Rasa Dendam Masih Memenuhi Kepala Anda. Jangan biarkan isi kepala dan hari-hari anda dipenuhi rasa dendam, karena itu akan membuat hidup anda penuh kegelapan dan takkan memiliki makna. Ujung -ujungnya adalah mempersingkat hidup anda. Yang Berani Mendengar adalah Mereka yang Memiliki Sejuta Angan-angan Belaka. Yang Berani Melihat adalah Mereka yang Memiliki Sejuta Impian Belaka. Dan Yang Berani Mencoba adalah Mereka yang Akan Memiliki Angan-angan dan Impian yang Nyata.</p>
                                            ","
Interested applicants send CV and cover letter to :
hrdsukandacimahi@gmail.com
, Subject: (Name_Applied position)
/cdn-cgi/l/email-protection",3,"[2, 1, 0]"
6,6,PT Mest Indonesiy (Mestindo),"['1. Agronomist', '2. Field Assistant', '3. Marketing Coordinator']","[[['Pendidikan Minimal S1 segala jurusan (diutamakan Jurusan Pertanian)', 'Pria Usia Maksimal 35 tahun', 'Memiliki Pengalaman di bidang Agranomist minimal 3 tahun', 'Memahami dan mampu mengimplementasikan digital marketing', 'Memiliki kemampuan leadership dan strategic planning yang baik', 'Berorientasi terhadap pencapaian target kreatif dan memiliki kemampuan problem solving yang baik', 'Memiliki kemampuan bahasa inggris yang baik kemapuan berkomunikasi dan negosiasi serta persentasi yang baik', 'Penempatan wilayah kerja seluruh indonesia']], [['Pendidikan Minimal D3 segala jurusan (jurusan pertanian lebih disukai)', 'Untuk pendidikan Minimal SMK PERTANIAN dengan pengalaman min-3 thn', 'Usia maksimal 28 thn', 'Pengalaman kerja 1 tahun (fresh graduate dipersilahkan melamar}', 'Memiliki pengetahuan produk pupuk dan pemupukan untuk tanaman setempat', 'Memiliki keterampilan penjualan dan negosiasi', 'Memiliki keterampilan dalam implementasi', 'Memiliki kemapuan branding dan push/pull strategy', 'Bersedia ditempatkan di seluruh Indonesia']], [['Pendidikan Minimal S1 segala jurusan (diutamakan Jurusan Pertanian)', 'Pria Usia Maksimal 35 tahun', 'Memiliki Pengalaman di bidang Marketing coordinator Alat alat Pertanian minimal 3 tahun', 'Memahami dan mampu mengimplementasikan digital marketing', 'Memiliki kemampuan leadership dan strategic planning yang baik', 'Berorientasi terhadap pencapaian target kreatif dan memiliki kemampuan problem solving yang baik', 'Memiliki kemampuan bahasa inggris yang baik kemmapuan berkomunikasi dan negosiasi serta persentasi yang baik', 'Penempatan wilayah kerja seluruh indonesia']]]","[['Kualifikasi'], ['Kualifikasi'], ['Kualifikasi']]",E:/Belajar/www.disnakerja.com/images/PT Mest Indonesiy (Mestindo).jpg,"['Bagi Anda yang berminat, silahkan mengirimkan lamaran ke :', 'hrd@mestindo.com', '/cdn-cgi/l/email-protection']","February 11, 2021",https://www.disnakerja.com/job/lowongan-kerja-pt-mest-indonesiy-mestindo/," <p style=""text-align: justify;"">Mestindo adalah distributor utama pupuk produksi Agrifert Malaysia Sdn Bhd (Kuok group) dengan merek produk Bunga Merah dan Hi-Kay Plus.<br/>
Selain mendistribusikan produk merek-merek tersebut di atas, Mestindo juga menyediakan pupuk dengan merek Lao Ying. Controlled Release Fertilizer (pupuk pelepasan terkendali) dengan merek EMCOTE juga termasuk dalam daftar produk yang didistribusikan oleh Mestindo.</p> <p style=""text-align: justify;"">PT. Mest Indonesiy atau yang lebih dikenal dengan Mestindo berdiri pada tahun 2009, bergerak di bidang impor dan distribusi berbagai jenis pupuk di Indonesia. Pada awalnya Mestindo hanyalah sebuah perusahaan yang berskala kecil dengan omset sekitar 20 miliar Rupiah per tahun.<br/>
Customer Mestindo terdiri dari perusahaan perkebunan sawit, perkebunan karet, kehutanan, dan toko – toko pertanian. Wilayah yang kami supply mulai dari Aceh sampai dengan Papua.<br/>
Mestindo selalu memprioritaskan produk-produk yang berkualitas tinggi dan ke depannya perusahaan akan fokus pada pengembangan produk-produk yang berteknologi tinggi.</p><p> Untuk beberapa orang, dalam mencari pekerjaan adalah sesuatu hal yang cukup sulit. kalaupun mendapatkan pekerjaan itu mudah, belum tentu itu sesuai dengan apa yang kita inginkan. Yang terpenting sekarang adalah ikhtiar, Semangat, dan berusaha. Sesulit apapun dalam mencari kerja, kita tetap yakin kita masih punya Allah SWT yang maha kaya dan tetap pantang menyerah.</p>
                                            <p> Kegagalan bukan bearti Anda berakhir dalam menjalani kehidupan, Manakala Anda Masih diberikan kenikmatan hidup sembari terus mencoba dan belajar dalam mengembangkan bisnis. Orang-orang mungkin menganggap anda telah gagal. Namun jika anda masih tetap terus berjuang mencoba dan menikmati hidup, maka anda belum berada pada kegagalan. Durasi Hidup Anda Akan Terasa Singkat Ketika Rasa Dendam Masih Memenuhi Kepala Anda. Jangan biarkan isi kepala dan hari-hari anda dipenuhi rasa dendam, karena itu akan membuat hidup anda penuh kegelapan dan takkan memiliki makna. Ujung -ujungnya adalah mempersingkat hidup anda. Yang Berani Mendengar adalah Mereka yang Memiliki Sejuta Angan-angan Belaka. Yang Berani Melihat adalah Mereka yang Memiliki Sejuta Impian Belaka. Dan Yang Berani Mencoba adalah Mereka yang Akan Memiliki Angan-angan dan Impian yang Nyata.</p>
                                            ","
Bagi Anda yang berminat, silahkan mengirimkan lamaran ke :
hrd@mestindo.com
/cdn-cgi/l/email-protection",5,"[4, 3, 2, 1, 0]"
7,7,PT Best Agro International,['Best Management Trainee Program (BMTP)'],"[[['Pria', 'Usia maksimal 26 tahun 2020', 'Tinggi minimal 165 cm', 'Tidak berkacamata', 'Pendidikan D-3/S-1 dari jurusan', 'Pertanian', 'Perkebunan', 'Teknologi Hasil Pertanian', 'Agroteknologi', 'Agroekoteknologi', 'Agribisnis', 'Ilmu Tanah/Hama Penyakit', 'Akuntansi']]]",[['Kualifikasi:']],E:/Belajar/www.disnakerja.com/images/PT Best Agro International.jpg,"['Bagi Anda yang berminat, silahkan melakukan pendaftaran secara online:', ' Apply ', 'https://docs.google.com/forms/d/e/1FAIpQLSc1yqOsTvZ10IHSAMCSskzLQC8_oDw_W8q9k_xJgHpTmtJznA/viewform', 'Paling lambat: 28 Februari 2021']","February 11, 2021",https://www.disnakerja.com/job/lowongan-kerja-pt-best-agro-international/," <p style=""text-align: justify;""><span class=""dropcap"">B</span>est Agro International sebagai salah satu perusahaan perkebunan kelapa sawit yang ada di Indonesia, telah memulai kontribusinya di bidang usaha perkebunan kelapa sawit sejak 1995. Sampai dengan saat ini, Best Agro International telah memiliki lebih dari 45.000 karyawan yang tersebar di seluruh area usaha Perusahaan. Bagi Best Agro International, karyawan adalah aset perusahaan dan sudah menjadi bagian dari keluarga besar perusahaan yang diharapkan dapat maju dan sejahtera bersama Best Agro International.</p> <p style=""text-align: justify;"">Sebagai salah satu perusahaan perkebunan kelapa sawit terbesar di Indonesia, bisnis yang dijalankan oleh Best Agro International dimulai dari perkebunan sampai ke pengolahan kelapa sawit di pabrik dengan menggunakan standar pengolahan baku.</p> <p style=""text-align: justify;"">Saat ini PT Best Agro International kembali membuka lowongan kerja terbaru pada bulan Februari 2021. Adapun dibawah ini adalah posisi jabatan yang saat ini tersedia bagi Anda para pencari kerja yang tertarik untuk mengembangkan karir Anda bersama PT Best Agro International dengan kualifikasi sebagai berikut.</p> <h4 style=""text-align: center;"">Lowongan Kerja PT Best Agro International</h4><p> Untuk beberapa orang, dalam mencari pekerjaan adalah sesuatu hal yang cukup sulit. kalaupun mendapatkan pekerjaan itu mudah, belum tentu itu sesuai dengan apa yang kita inginkan. Yang terpenting sekarang adalah ikhtiar, Semangat, dan berusaha. Sesulit apapun dalam mencari kerja, kita tetap yakin kita masih punya Allah SWT yang maha kaya dan tetap pantang menyerah.</p>
                                            <p> Kegagalan bukan bearti Anda berakhir dalam menjalani kehidupan, Manakala Anda Masih diberikan kenikmatan hidup sembari terus mencoba dan belajar dalam mengembangkan bisnis. Orang-orang mungkin menganggap anda telah gagal. Namun jika anda masih tetap terus berjuang mencoba dan menikmati hidup, maka anda belum berada pada kegagalan. Durasi Hidup Anda Akan Terasa Singkat Ketika Rasa Dendam Masih Memenuhi Kepala Anda. Jangan biarkan isi kepala dan hari-hari anda dipenuhi rasa dendam, karena itu akan membuat hidup anda penuh kegelapan dan takkan memiliki makna. Ujung -ujungnya adalah mempersingkat hidup anda. Yang Berani Mendengar adalah Mereka yang Memiliki Sejuta Angan-angan Belaka. Yang Berani Melihat adalah Mereka yang Memiliki Sejuta Impian Belaka. Dan Yang Berani Mencoba adalah Mereka yang Akan Memiliki Angan-angan dan Impian yang Nyata.</p>
                                            ","
Bagi Anda yang berminat, silahkan melakukan pendaftaran secara online:
 Apply 
https://docs.google.com/forms/d/e/1FAIpQLSc1yqOsTvZ10IHSAMCSskzLQC8_oDw_W8q9k_xJgHpTmtJznA/viewform
Paling lambat: 28 Februari 2021",3,"[2, 1, 0]"
8,8,PT Ecogreen Oleochemicals,"['1. Customer Service Executive (Code: CSE)', '2. Field Operator – EOB2 (Code: FO1)', '3. Field Operator – EOB1 (Code: FO2)', '4. Junior Mechanical Engineer (Code: JME)', '5. Junior Electrical Technician (Code: JET)', '6. Welding Inspector (Code: WI)']","[[['Candidate must possess at least D-3/S-1 in Business Studies/Administration/Management/Human Resource or equivalent', 'Required language(s): English, Mandarin, Bahasa Indonesia', 'At least 2 year(s) of working experience in the related field is required for this position', 'Understand the international payment system including payment processing with Letter of Credit (LoC)', 'Preferably Supervisor/Coordinator specialized in Customer Service or equivalent', 'Understand the system of good delivery agreement (incoterm)', 'Fresh graduates are welcome to apply', 'Required skill(s): Microsoft Office, good communication skill']], [['Minimum S-1 Chemical Engineering', 'Minimum having 1 year experience as production operator in the oleochemical industry', 'Having computer skill Microsoft Office (Word, Excel, PowerPoint)', 'Fresh graduates are welcome to apply', 'Required language: English (minimum passive), Bahasa Indonesia', 'Able to work under pressure and tight schedule', 'Having good communication skill and highly initiative, able to work in a team and work in shifts']], [['Minimum S-1 Chemical Engineering', 'Minimum having 1 year experience as production operator in the oleochemical industry', 'Having computer skill Microsoft Office (Word, Excel, PowerPoint)', 'Fresh graduates are welcome to apply', 'Required language: English (minimum passive), Bahasa Indonesia', 'Having good communication skill and highly initiative, able to work in a team and work in shifts']], [['Minimum Bachelor degree (S-1) in Mechanical Engineering from a reputable university', 'Minimum having 2 years experience in the same position', 'Computer literate: Microsoft Office, AutoCAD, PVElite, Tankelite', 'Good knowledge of theories, practices, and procedures in mechanical engineering', 'Fresh graduates are welcome to apply', 'Required language(s): English & Bahasa Indonesia', 'Good communication skill and able to work in a team']], [['Minimum D-3 Electrical Engineering (high voltage) from a reputable university', 'Minimum 1 year experience in a similar position', 'Able to read and understand the starter control image', 'Understanding the principles of electrical voltage', 'Fresh graduates are welcome to apply', 'Computer literate', 'Required language: English (minimum passive), Bahasa Indonesia', 'Having good communication skills and highly initiative, able to work in a team and work in shifts.']], [['Background minimum Diploma III (D-3) in Mechanical Engineering from a reputable university', 'Minimum 3 years experience in the same position', 'Good knowledge of workshop or maintenance job activity', 'Experienced in welding inspection, pipe/fitting, civil work, and machining process', 'Good knowledge of theories, practices, procedures in mechanical engineering and inspection', 'Holding a welding certificate is an added value', 'Required language: English (minimum passive) and Bahasa Indonesia', 'Good communication skill and able to work in a team', 'Able to work under pressure and tight schedule'], ['Placement Batam']]]","[['Qualification:'], ['Requirements:'], ['Requirements:'], ['Requirements:'], ['Requirements:'], ['Requirements:', '']]",E:/Belajar/www.disnakerja.com/images/PT Ecogreen Oleochemicals.jpg,"['Our company will offer an excellent remuneration package to those who meet the requirements. If you are interested, please apply here:', ' Apply \xa0– Customer Service Executive', 'https://docs.google.com/forms/d/e/1FAIpQLSeeVgmmbgwijQ-pdTefZQtQ6mbazGvtyZ9cUXLO_-ZXKee-_g/viewform', ' Apply ', ' Apply \xa0– Field Operator – EOB1', 'https://docs.google.com/forms/d/e/1FAIpQLScEWBoPTNArKHrPufbQAdD5mnYPSp-zyxB1w9A50XrmSgbtIA/viewform', ' Apply \xa0– Field Operator – EOB2', 'https://docs.google.com/forms/d/e/1FAIpQLScygPK8QAzq20B-RNfibnJFSF5_KWZ2USJzVdhdDZuauHSY9g/viewform', 'Apply \xa0– Junior Mechanical Engineer', 'https://docs.google.com/forms/d/e/1FAIpQLScF_V1t5A23vJEcWDvOT4bDL38XOOm1VIMckZTk6eg1ef5JNg/viewform', 'Apply ', 'Apply \xa0– Junior Electrical Technician', 'https://docs.google.com/forms/d/e/1FAIpQLSd7nRigfhvjUuGq09V7wWAY4HA-jljIOWTHbmqAu1mWBugzbg/viewform', 'Apply \xa0– Welding Inspector', 'https://docs.google.com/forms/d/e/1FAIpQLSfMKALVRAuPcsAEPNla3Iuuql7phFNUDG0BnzoZULPsC_2vQQ/viewform', 'Deadline: February 24th, 2021']","February 11, 2021",https://www.disnakerja.com/job/lowongan-kerja-pt-ecogreen-oleochemicals/," <p style=""text-align: justify;"">Ecogreen Oleochemicals adalah salah satu produsen Alkohol Lemak Alami terkemuka di dunia. Kami berkomitmen untuk memasok produk-produk berkualitas tinggi dan untuk membangun hubungan pelanggan yang kuat sambil berinvestasi di sumber daya manusia kami. Untuk melayani pelanggan kami secara global, Ecogreen Oleochemicals mendirikan kantor pemasaran di Singapura, Jerman, dan Amerika Serikat. Ecogreen Oleochemicals telah mendirikan fasilitas manufaktur di Indonesia (PT Ecogreen Oleochemicals Batam), Singapura (Ethoxylates Manufacturing Pte Ltd), Jerman (Deutsche Hydrierwerke GmbH Rodleben) dan Perancis (Ecogreen Oleochemicals Chimie).</p> <p style=""text-align: justify;"">Dimulai pada tahun 1991 dengan beberapa ekspansi berikutnya di pabrik kami di Pulau Batam, kami mendirikan salah satu tempat produksi Alkohol Lemak Alami terbesar di dunia. Kami memproduksi berbagai pemotongan Alkohol Lemak Jenuh (dari C8 ke C18), Alkohol Lemak Tak Jenuh (Alkohol Oleyl), Asam Oleat, Gliserin Halus dan Ester Khusus seperti Eter Rantai Trigliserida (MCT untuk aplikasi Makanan, Kosmetik, Farmasi dan Pelumas).</p> <p style=""text-align: justify;"">Saat ini PT Ecogreen Oleochemicals kembali membuka lowongan kerja terbaru pada bulan Februari 2021. Adapun dibawah ini adalah posisi jabatan yang saat ini tersedia bagi Anda para pencari kerja yang tertarik untuk mengembangkan karir Anda bersama PT Ecogreen Oleochemicals dengan kualifikasi sebagai berikut.</p><p> Untuk beberapa orang, dalam mencari pekerjaan adalah sesuatu hal yang cukup sulit. kalaupun mendapatkan pekerjaan itu mudah, belum tentu itu sesuai dengan apa yang kita inginkan. Yang terpenting sekarang adalah ikhtiar, Semangat, dan berusaha. Sesulit apapun dalam mencari kerja, kita tetap yakin kita masih punya Allah SWT yang maha kaya dan tetap pantang menyerah.</p>
                                            <p> Kegagalan bukan bearti Anda berakhir dalam menjalani kehidupan, Manakala Anda Masih diberikan kenikmatan hidup sembari terus mencoba dan belajar dalam mengembangkan bisnis. Orang-orang mungkin menganggap anda telah gagal. Namun jika anda masih tetap terus berjuang mencoba dan menikmati hidup, maka anda belum berada pada kegagalan. Durasi Hidup Anda Akan Terasa Singkat Ketika Rasa Dendam Masih Memenuhi Kepala Anda. Jangan biarkan isi kepala dan hari-hari anda dipenuhi rasa dendam, karena itu akan membuat hidup anda penuh kegelapan dan takkan memiliki makna. Ujung -ujungnya adalah mempersingkat hidup anda. Yang Berani Mendengar adalah Mereka yang Memiliki Sejuta Angan-angan Belaka. Yang Berani Melihat adalah Mereka yang Memiliki Sejuta Impian Belaka. Dan Yang Berani Mencoba adalah Mereka yang Akan Memiliki Angan-angan dan Impian yang Nyata.</p>
                                            ","
Our company will offer an excellent remuneration package to those who meet the requirements. If you are interested, please apply here:
 Apply  – Customer Service Executive
https://docs.google.com/forms/d/e/1FAIpQLSeeVgmmbgwijQ-pdTefZQtQ6mbazGvtyZ9cUXLO_-ZXKee-_g/viewform
 Apply 
 Apply  – Field Operator – EOB1
https://docs.google.com/forms/d/e/1FAIpQLScEWBoPTNArKHrPufbQAdD5mnYPSp-zyxB1w9A50XrmSgbtIA/viewform
 Apply  – Field Operator – EOB2
https://docs.google.com/forms/d/e/1FAIpQLScygPK8QAzq20B-RNfibnJFSF5_KWZ2USJzVdhdDZuauHSY9g/viewform
Apply  – Junior Mechanical Engineer
https://docs.google.com/forms/d/e/1FAIpQLScF_V1t5A23vJEcWDvOT4bDL38XOOm1VIMckZTk6eg1ef5JNg/viewform
Apply 
Apply  – Junior Electrical Technician
https://docs.google.com/forms/d/e/1FAIpQLSd7nRigfhvjUuGq09V7wWAY4HA-jljIOWTHbmqAu1mWBugzbg/viewform
Apply  – Welding Inspector
https://docs.google.com/forms/d/e/1FAIpQLSfMKALVRAuPcsAEPNla3Iuuql7phFNUDG0BnzoZULPsC_2vQQ/viewform
Deadline: February 24th, 2021",8,"[7, 6, 5, 4, 3, 2, 1, 0]"
9,9,PT Media Putra Nusantara (IDN Media),"['1. Creative Chef, Yummy', '2. Reporter (News), IDN Times', '3. Account Manager, IDN Programmatic OOH', '4. Business Development Manager, IDN Creator Network', '5. Marketing Manager, IDN Pictures', '6. Social Media Associate, IDN Pictures', '7. SEO Associate', '8. Editor (News), IDN Times', '9. Community Manager', '10. Digital Marketing Specialist', '11. Data Analytics Manager', '12. iOS Software Engineer', '13. Android Software Engineer', '14. Flutter Surabaya', '15. Product Manager', '16. Account Manager (Digital Sales)', '17. Reporter IDN Times Kaltim', '18. Social Media Associate, IDN Times', '19. Regional Editor IDN Times NTB', '20. Regional Editor, IDN Times Jatim', '21. Back end Engineer', '22. Front end Engineer', '23. Growth Marketing Associate', '24. Infrastructure Engineer', '25. Scrum Master', '26. BD Controller (Sales Admin)']","[[['Minimum Diploma or Bachelor Degree in any majors, fresh graduates are welcome to apply', 'Have experience as a Chef or involved in a cooking competition would be preferred', 'Passionate in cooking and culinary in Indonesia is a must', 'Keep up with cooking trends and best practice', 'Creative person and able to create various food recipe (maybe till out of the box)', 'Detail-oriented person and good presentation skills', 'Placement: Jakarta']], [['At least have 2+ years experience as a Reporter, focused on Politic/Megapolitan Desk', 'Strong work ethic and passion for hard news', 'Ability to work with a tight deadline and under pressure', 'Excellent communication skills and problem-solving', 'Professional fluency in English would be preferred (oral & written)', 'Willing to travel', 'Placement: Jakarta']], [['Min. 1-2 years of working experience as Account Executive, Account Manager, or other relevant position, in the Digital Advertising Company focuses on Out-Of-Home products.', 'Have a good skill in presentation, strong analytical & logical thinking.', 'Passionate in digital, event management, and media advertising.', 'Outgoing, outspoken and fluent in English will be preferred', 'Placement: Jakarta']], [['Min 5 years of working experience in the related field is required for this position', 'Have a comprehensive understanding of current social media trends', 'Able to conducting market research and trends in the film and commercial industries, also give recommendations for future business in the company', 'Have an interesting idea that related to marketing area', 'Positive attitude and passionate in Digital Media and Film Industry', 'Have good writing skills would be preferred', 'Placement: Jakarta']], [['Open for Junior and Senior Level', 'Senior Social Media Associate: At least 4-5 years of working experience handling multiple social media platforms.', 'Social Media Associate: At least 2 years of working experience handling multiple social media platforms.', 'Experience in handling social media campaigns for commercial brands', 'Familiar with the Indonesian film industry', 'Able to Planning-Designing-Executing-Monitoring', 'Following the latest social media trends, especially Tiktok', 'Strong skill in copywriting.', 'Placement: Jakarta']], [['Open for Junior and Senior Level', 'Senior Social Media Associate: At least 4-5 years of working experience handling multiple social media platforms.', 'Social Media Associate: At least 2 years of working experience handling multiple social media platforms.', 'Experience in handling social media campaigns for commercial brands', 'Familiar with the Indonesian film industry', 'Able to Planning-Designing-Executing-Monitoring', 'Following the latest social media trends, especially Tiktok', 'Strong skill in copywriting.', 'Placement: Jakarta']], [['Copywriting skill is a must', 'Able to write SEO friendly articles.', 'Understand the basics of SEO.', 'Any education background', 'Min. 1 year working experience in related fields.', 'Meticulous, hustle, discipline', 'Quickly grasp new insight, technique and brief.', 'Placement: Jakarta']], [['Min. 2-3 years of working experience as Editor (focus on Politic, Megapolitan Desk) at the Digital Media Company, with total experience min 5 years as a Journalist (having past experience as a reporter is a must)', 'Strong journalism background with proven writing and news editing skills, exceptional organizational skills', 'Good leadership skill and experience managing Reporters is a must.', 'Having broad connections with many figures would be preferred.', 'Attention to detail, and work under a tight deadline', 'Placement: Jakarta']], [['Must possess at least a Bachelor Degree in Mass Communication, Marketing, or equivalent', 'At least 3 years of working experience in the related field is required for this position', 'Have a personal network with communities is preferred', 'Tech-savvy professional, experienced in social media, PR, and promotional events', 'A ‘people person’ with great communication skills', 'Ability to moderate online and offline conversations with our community', 'Fluently in English (oral & written) would be preferred', 'Placement: Jakarta']], [['\u200b\u200b\u200b\u200b\u200b\u200bMin. 1-4 years experience in paid search at digital media/ digital marketing agency', 'Understanding of direct response and interactive marketing best practices', 'Ability to work both independently and in a team environment', 'Professional and personal integrity', 'Excellent verbal and written communication skills', 'Strategic thinker with strong analytical skills', 'Excellent copywriting and proofreading skills', 'Placement: Jakarta']], [['Graduated with Bachelor Degree of Mathematics / Statistics / Computer Science', '3-4 years of working experience in data science or analytics in a reputable companies. Coming from a media company or startup is a plus', 'Possess strong leadership experience as evidenced in his/her portfolio in building a data team', 'Persevere in facing challenges to drive data-driven culture in the company', 'Strong programming and scripting skills (Python, R, Spark, etc)', 'Good understanding of big data infrastructure and query languages (HDFS, SQL, Hive)', 'Strong analytical and planning skills', 'Good communication and presentation skills', 'Excellent problem-solving skills', 'Placement: Jakarta']], [['Solid understanding of object-oriented programming.', 'Strong knowledge of Swift, different versions of iOS, and how to deal with different screen sizes', 'Familiarity with RESTful APIs to connect iOS applications to back-end services', 'Experience in integrating iOS applications with Firebase', 'Having portfolio / uploaded apps to Apple App Store', 'Placement: Surabaya']], [['Solid understanding of object-oriented programming', 'Strong knowledge of Android SDK, different versions of Android, and how to deal with different screen sizes', 'Proficient in MVP pattern and Familiarity with RESTful APIs to connect Android applications to back-end services', 'Experience in integrating Android applications with Firebase', 'Having portfolio / uploaded apps to play store', 'Placement: Surabaya']], [['Experience in Rest API', 'Experience integration with third party services such as Google API and', 'Firebase', 'Experience with Flutter / Dart', 'Experience with Git', 'Experience in Native Mobile Development (Kotlin / Swift) is a plus', 'Placement: Surabaya']], [['3+ years of direct product management experience', 'Excellent communication, active listening and organization skills', 'Working knowledge of how highly scaled digital/mobile products come together.', 'Strong quantitative, analytical, and problem-solving skills', 'Constant attention to detail', 'Placement: Jakarta']], [['Must have min 2-3 years of working experience in the Media Company as Digital Account Executive, Account Executive, Sales Executive, or other relevant position.', 'Must have experience in direct selling/pitching, not only account handling', 'Passionate about digital, event management, and media advertising', 'Have a list of direct clients would be preferred (in Beauty Brands, FMCG brands, Government, Automotive brands, etc.)', 'Confident, outgoing, and highly self-motivated', 'Good presentation skill and fluency in English would be preferred', 'Placement: Jakarta']], [['At least 1 year of experience working on social media for a publication, ideally in Digital Media', 'Strong writing and editing skills, as well as a detailed eye', 'Intuitive grasp of digital media and knowledge of what performs', 'Eagerness to work in a fast-paced environment', 'Extreme multitasking ability', 'Exceptional communication skills', 'An eagerness to be creative with content', 'Analytical grasp on digital performance', 'Placement: Balikpapan']], [['At least 1 year of experience working on social media for a publication, ideally in Digital Media', 'Strong writing and editing skills, as well as a detailed eye', 'Intuitive grasp of digital media and knowledge of what performs', 'Eagerness to work in a fast-paced environment', 'Extreme multitasking ability', 'Exceptional communication skills', 'An eagerness to be creative with content', 'Analytical grasp on digital performance', 'Placement: Jakarta']], [['Have the minimum of 2 years experience as a content editor at an online media company. Deep experience in the local media is a plus.', 'Strong Journalism background with proven writing and editing skills, exceptional organizational skills, and highly experienced in managing writers.', 'Have an excellent, demonstrated editorial skills – creative concepts and ability to work quickly and efficiently under pressure.', 'Have a great network around the local government, private sectors, and local community (offline and online).', 'Placement: Lombok']], [['At least have two years of experience as an editor at the online media company.', 'Attention to detail, combined with an appreciation of the ‘bigger picture”.', 'Have an excellent, demonstrated editorial skills – writing, editing, creative concepts and ability to work quickly and efficiently under deadline pressure.', 'Placement: Surabaya']], [['Basic understanding of front-end technologies and platforms such as javascript, HTML5, and CSS5.', 'Understanding accesibility and security compliance (depending on specific project).', 'Understanding PHP MVC framework. Ex. Laravel.', 'Willing to be located in Surabaya.']], [['Experienced & excellence in converting mockups (PSD or AI) design to beautiful, semantic, clean, non cluttered HTML5/CSS3 code.', 'Familiar with React.JS.', 'Familiar with Webpack.', 'Placement: Surabaya']], [['Minimum 1 year of proven experience in Growth Marketing in a startup or tech company is preferred.', 'Has excellent communication, analytical and problem-solving skills.', 'Data-driven.', 'Fluent in English.', 'Placement: Jakarta']], [['Experience managing CI/CD systems (Azure DevOps, Jenkins, Gitlab CI)', 'Experience with container technologies and orchestration platforms (Docker, Kubernetes, Docker Swarm)', 'Familiarity with working with Nginx or Apache Web Server', 'Familiarity with working with MySQL databases', 'Familiarity with working with NoSQL databases (Redis, MongoDB)', 'Experience with running on a cloud platform (Alibaba Cloud, Azure, GCP)', 'Familiarity with Agile/Scrum/Kanban methodologies', 'Familiarity of programming/scripting languages (ie. Python, Bash, Powershell, Go, etc.)', 'Placement: Surabaya']], [['Passionate to be a servant leader', 'Always questions things and think independently', 'Have a good knowledge of agile methodologies', 'Very organized and a great team player', 'Not afraid to speak up', 'Placement: Surabaya']], [['Min. 2-3 years of work experience as a Sales Administrative, Sales Controller, or other related fields, and from the Digital Media Company would be preferred', 'Required skill(s): Microsoft Word, Microsoft Excel', 'Preferably good in English both spoken and written', 'Excellent organizational and multitasking skills', 'Ability to work under strict deadlines', 'Placement: Surabaya']]]","[['Qualification'], ['Qualification'], ['Qualification'], ['Qualification'], ['Qualification'], ['Qualification'], ['Qualification'], ['Qualification'], ['Qualification'], ['Qualification'], ['Qualification'], ['Qualification'], ['Qualification'], ['Qualification'], ['Qualification'], ['Qualification'], ['Qualification'], ['Qualification'], ['Qualification'], ['Qualification'], ['Qualification'], ['Qualification'], ['Qualification'], ['Qualification'], ['Qualification'], ['Qualification']]",E:/Belajar/www.disnakerja.com/images/PT Media Putra Nusantara (IDN Media).jpg,"['Send your application & portfolio to:', 'career@idntimes.com', ' with subject (Position)_(Location)_(Your Name)', '/cdn-cgi/l/email-protection', 'Or submit to:', ' Apply ', 'https://www.idn.media/career#content', 'Note: Jika sudah kirim email, tidak perlu lagi apply online/sebaliknya.', 'Deadline March 03, 2021']","February 11, 2021",https://www.disnakerja.com/job/lowongan-kerja-pt-media-putra-nusantara-idn-media/," <p style=""text-align: justify;"">IDN Media adalah perusahaan platform teknologi media dan konten terkemuka yang berfokus pada Millenials dan Gen Z di Indonesia sebagai audiensnya. Visi utama kami adalah untuk mendemokrasikan informasi. Kami ingin mendemokratisasi akses ke informasi yang akurat, seimbang, bermanfaat, dan positif dan pada akhirnya, menjadi suara Millenial dan Gen Z di Indonesia.</p> <p style=""text-align: justify;"">IDN Media mengoperasikan IDN Times, Popbela.com, Popmama.com, Yummy, GGWP.ID, Duniaku.com, IDN Creative, IDN Event, IDN Creator Network, IDN Foundation, dan IDN Programmatic OOH.</p><p> Untuk beberapa orang, dalam mencari pekerjaan adalah sesuatu hal yang cukup sulit. kalaupun mendapatkan pekerjaan itu mudah, belum tentu itu sesuai dengan apa yang kita inginkan. Yang terpenting sekarang adalah ikhtiar, Semangat, dan berusaha. Sesulit apapun dalam mencari kerja, kita tetap yakin kita masih punya Allah SWT yang maha kaya dan tetap pantang menyerah.</p>
                                            <p> Kegagalan bukan bearti Anda berakhir dalam menjalani kehidupan, Manakala Anda Masih diberikan kenikmatan hidup sembari terus mencoba dan belajar dalam mengembangkan bisnis. Orang-orang mungkin menganggap anda telah gagal. Namun jika anda masih tetap terus berjuang mencoba dan menikmati hidup, maka anda belum berada pada kegagalan. Durasi Hidup Anda Akan Terasa Singkat Ketika Rasa Dendam Masih Memenuhi Kepala Anda. Jangan biarkan isi kepala dan hari-hari anda dipenuhi rasa dendam, karena itu akan membuat hidup anda penuh kegelapan dan takkan memiliki makna. Ujung -ujungnya adalah mempersingkat hidup anda. Yang Berani Mendengar adalah Mereka yang Memiliki Sejuta Angan-angan Belaka. Yang Berani Melihat adalah Mereka yang Memiliki Sejuta Impian Belaka. Dan Yang Berani Mencoba adalah Mereka yang Akan Memiliki Angan-angan dan Impian yang Nyata.</p>
                                            ","
Send your application & portfolio to:
career@idntimes.com
 with subject (Position)_(Location)_(Your Name)
/cdn-cgi/l/email-protection
Or submit to:
 Apply 
https://www.idn.media/career#content
Note: Jika sudah kirim email, tidak perlu lagi apply online/sebaliknya.
Deadline March 03, 2021",28,"[27, 26, 25, 24, 23, 22, 21, 20, 19, 18, 17, 16, 15, 14, 13, 12, 11, 10, 9, 8, 7, 6, 5, 4, 3, 2, 1, 0]"
10,10,PT Toyo Denso Indonesia,"['1. Purchasing Quality', '2. Quality Control', '3. Translator', '4. Sales', '5. Staf General Affair', '6. Staff PPC']","[[['Pendidikan min. SMK', 'Usia 22 – 28 tahun', 'Memiliki pengalaman di perusahaan otomotif bagian Quality Pengukuran', 'Dapat bekerja dibawah tekanan dan target']], [['Pend. SMA/K (Kenshushei)', 'Diploma usia 22 – 31 tahun', 'Bisa berkomunikasi dengan bahasa Jepang (lebih disukai jika memiliki N3 update)', 'Berpengalaman di perusahaan Otomotif bagian Quality', 'Dapat menganalisa suatu masalah']], [['Pend. min D3 Bhs Jepang usia', '22 – 30 tahun', 'Mampu berkomunikasi dengan bahasa jepang (memiliki sertifikat min N2 update)', 'Lebih disukai apabila memiliki pengalaman sebagai translator diperusahaan otomotif']], [['Pria Pend. Diploma usia 21 – 30 tahun', 'Dapat berkomunikasi dengan bahasa Inggris/Jepang (disukai jika memiliki N3 update )', 'Memiliki pengalaman Sales di perusahaan otomotif', 'Mengerti ISO 9001:2015 & 14001:2015']], [['Laki-laki (25-29 tahun)', 'Pendidikan min. D3 Teknik', 'Memiliki Sertifikat Ahli K3 Umum (Aktif)', 'Berpengalaman min. 3 tahun di posisi yang sama (lebih disukai jika di infustri manufaktur otomotif)', 'Mampu mengoperasikan Ms. Office (Excel, Word, PowerPoint)', 'Good looking', 'Memiliki komunikasi yang baik & dapat bekerja dalam team', 'Siap bersedia join secepatnya']], [['Pria Usia 23 – 30 Tahun', 'Pendidikan D3 Teknik', 'Memiliki pengalaman di perusahaan otomotif lebih disukai diposisi yang sama', 'Mampu berkomunikasi bahasa Jepang lisan dan tulisan', 'Memiliki sertifikat minimal N3', 'Mampu membaca drawing', 'Mampu bekerja dengan target, teliti dan siap bekerja di bawah tekanan', 'Siap bersedia join secepatnya']]]","[['Kualifikasi'], ['Kualifikasi'], ['Kualifikasi'], ['Kualifikasi'], ['Requirement'], ['Requirement']]",E:/Belajar/www.disnakerja.com/images/PT Toyo Denso Indonesia.jpg,"['Silahkan kirimkan CV dan lamaran anda ke', 'recruitment@toyo-denso.co.id', 'Email: , Subject: Posisi yang dilamar', '/cdn-cgi/l/email-protection', '* hanya lamaran yang sesuai kualifikasi yang akan dihubungi pihak perusahaan melalui telp kantor.']","February 11, 2021",https://www.disnakerja.com/job/lowongan-kerja-pt-toyo-denso-indonesia/," <p style=""text-align: justify;"">PT Toyo Denso Indonesia merupakan sebuah perusahaan cabang dari Toyodenso yang berpusat di Jepang. Perusahaan ini bergerak dalam bidang manufaktur otomotif untuk kendaraan roda 2 dan roda 4. PT Toyo Denso Indonesia memiliki customer tetap seperti Astra Honda Motor, Honda Prospect Motor, cabang Toyodenso di negara lain, dan beberapa perusahaan lainnya.</p> <p style=""text-align: justify;"">Saat ini PT Toyo Denso Indonesia kembali membuka lowongan kerja terbaru pada bulan Februari 2021. Adapun dibawah ini adalah posisi jabatan yang saat ini tersedia bagi Anda para pencari kerja yang tertarik untuk mengembangkan karir Anda bersama PT Toyo Denso Indonesia dengan kualifikasi sebagai berikut.</p> <h4 style=""text-align: center;"">Lowongan Kerja PT Toyo Denso Indonesia</h4><p> Untuk beberapa orang, dalam mencari pekerjaan adalah sesuatu hal yang cukup sulit. kalaupun mendapatkan pekerjaan itu mudah, belum tentu itu sesuai dengan apa yang kita inginkan. Yang terpenting sekarang adalah ikhtiar, Semangat, dan berusaha. Sesulit apapun dalam mencari kerja, kita tetap yakin kita masih punya Allah SWT yang maha kaya dan tetap pantang menyerah.</p>
                                            <p> Kegagalan bukan bearti Anda berakhir dalam menjalani kehidupan, Manakala Anda Masih diberikan kenikmatan hidup sembari terus mencoba dan belajar dalam mengembangkan bisnis. Orang-orang mungkin menganggap anda telah gagal. Namun jika anda masih tetap terus berjuang mencoba dan menikmati hidup, maka anda belum berada pada kegagalan. Durasi Hidup Anda Akan Terasa Singkat Ketika Rasa Dendam Masih Memenuhi Kepala Anda. Jangan biarkan isi kepala dan hari-hari anda dipenuhi rasa dendam, karena itu akan membuat hidup anda penuh kegelapan dan takkan memiliki makna. Ujung -ujungnya adalah mempersingkat hidup anda. Yang Berani Mendengar adalah Mereka yang Memiliki Sejuta Angan-angan Belaka. Yang Berani Melihat adalah Mereka yang Memiliki Sejuta Impian Belaka. Dan Yang Berani Mencoba adalah Mereka yang Akan Memiliki Angan-angan dan Impian yang Nyata.</p>
                                            ","
Silahkan kirimkan CV dan lamaran anda ke
recruitment@toyo-denso.co.id
Email: , Subject: Posisi yang dilamar
/cdn-cgi/l/email-protection
* hanya lamaran yang sesuai kualifikasi yang akan dihubungi pihak perusahaan melalui telp kantor.",8,"[7, 6, 5, 4, 3, 2, 1, 0]"
11,11,PT Jakarta Industrial Estate Pulogadung,['General Affair Intern'],"[[['Mahasiswa/Mahasiswi semester akhir maupun fresh graduate', 'Berdomisili di Jakarta (Terutama Jakarta Timur)', 'Dari Jurusan', 'Managemen Administrasi', 'Arsitek/Desain Interior/Sipil', 'Logistik/Arsip', 'Accounting']]]",[['Kualifikasi']],E:/Belajar/www.disnakerja.com/images/PT Jakarta Industrial Estate Pulogadung.jpg,"['Bagi Anda yang berminat, silahkan mengirimkan CV terbaru ke:', 'recruitment@jiep.co.id', ', Subjek: Nama Lengkap-Jurusan-MagangGA2021', '/cdn-cgi/l/email-protection', 'Paling lambat: 15 Februari 2021']","February 11, 2021",https://www.disnakerja.com/job/lowongan-kerja-pt-jakarta-industrial-estate-pulogadung/," <p>PT (Persero) Jakarta Industrial Estate Pulogadung atau PT. JIEP adalah perseroan terbatas milik Pemerintah Republik Indonesia dan Pemerintah Propinsi DKI Jakarta dengan porsi kepemilikan saham masing-masing 50%. PT. JIEP yang berlokasi di Pulogadung Jakarta Timur, didirikan pada tanggal 26 Juni 1973 dengan Akte nomor127 oleh NotarisAbdul Latief di Jakarta. Perusahaan telah beberapa kali mengalami perubahan Anggaran Dasar, terakhir berdasarkan Keputusan Bersama para Pemegang Saham tanggal 8 Oktober 2004 dan diaktakan dengan Akte Notaris Betsail Mentajana, SH nomor 6 tanggal 21 Maret 2005 yang mencakup antara lain mengenai perubahan modal disetor perusahaan. Akte perubahan telah mendapatkan pengesahan dari Menteri Kehakiman dan Hak Asasi Manusia RI. No C-08755 HT.01.04.TH.2005 tanggal 1 April 2005</p> <p style=""text-align: justify;"">PT. JIEP merupakan perusahaan pengelola Kawasan Industri pertama di Indonesia, yang pada awalnya bertugas menyediakan Tanah Kapling Industri (TKI) dan semua fasilitas industri yang tertata dengan baik bagi para investor yang akan melakukan investasi di bidang manufacturing. Pada perkembangan selanjutnya dan sesuai dengan tuntutan pasar, PT. JIEP melaksanakan diversifikasi sekaligus perluasan usaha dengan membangun secara bertahap bangunan sewa seperti Bangunan Pabrik Siap Pakai (BPSP) 1 s/d 4 lantai, Pergudangan (tertutup dan terbuka),Transit Warehouse, Sarana Usaha Industri Kecil (SUIK), serta bangunan pendukung lainnya. Hal ini dilakukan sebagai upaya untuk lebih menjamin kelangsungan hidup perusahaan di masa depan.</p> <p style=""text-align: justify;"">Saat ini PT. JIEP kembali membuka lowongan kerja terbaru pada bulan Februari 2021. Adapun dibawah ini adalah posisi jabatan yang saat ini tersedia bagi Anda para pencari kerja yang tertarik untuk mengembangkan karir Anda bersama PT. JIEP dengan kualifikasi sebagai berikut.</p><p> Untuk beberapa orang, dalam mencari pekerjaan adalah sesuatu hal yang cukup sulit. kalaupun mendapatkan pekerjaan itu mudah, belum tentu itu sesuai dengan apa yang kita inginkan. Yang terpenting sekarang adalah ikhtiar, Semangat, dan berusaha. Sesulit apapun dalam mencari kerja, kita tetap yakin kita masih punya Allah SWT yang maha kaya dan tetap pantang menyerah.</p>
                                            <p> Kegagalan bukan bearti Anda berakhir dalam menjalani kehidupan, Manakala Anda Masih diberikan kenikmatan hidup sembari terus mencoba dan belajar dalam mengembangkan bisnis. Orang-orang mungkin menganggap anda telah gagal. Namun jika anda masih tetap terus berjuang mencoba dan menikmati hidup, maka anda belum berada pada kegagalan. Durasi Hidup Anda Akan Terasa Singkat Ketika Rasa Dendam Masih Memenuhi Kepala Anda. Jangan biarkan isi kepala dan hari-hari anda dipenuhi rasa dendam, karena itu akan membuat hidup anda penuh kegelapan dan takkan memiliki makna. Ujung -ujungnya adalah mempersingkat hidup anda. Yang Berani Mendengar adalah Mereka yang Memiliki Sejuta Angan-angan Belaka. Yang Berani Melihat adalah Mereka yang Memiliki Sejuta Impian Belaka. Dan Yang Berani Mencoba adalah Mereka yang Akan Memiliki Angan-angan dan Impian yang Nyata.</p>
                                            ","
Bagi Anda yang berminat, silahkan mengirimkan CV terbaru ke:
recruitment@jiep.co.id
, Subjek: Nama Lengkap-Jurusan-MagangGA2021
/cdn-cgi/l/email-protection
Paling lambat: 15 Februari 2021",3,"[2, 1, 0]"
12,12,PT Saka Farma Laboratories (Kalbe Consumer Health),"['1. Associate Brand Manager', '2. Creative Channel Supervisor', '1. Regional Business Manager (Central Java)', '1. HR Business Partner', '2. Chemical Analyst', '3. QC Inspector RM/PM', '4. QA Inspector Infrastructure', '5. Maintenance Technician']","[[['Bachelor’s degree is required', '1- 2 years of marketing experience (multinational organization preferred)', 'Have experience in assisting with the Development of Brands is an advantage', 'Excellent in English both spoken and written', 'Have a good understanding of the BTL and ATL promotions.', 'Creativity and an ability to produce innovative and original ideas', 'Have An understanding of trends and an ability to respond to customers’ wishes', 'Analytical and problem-solving skills', 'Have An ability to think strategically and come up with campaigns', 'Demonstrates strong accountability, agility, collaboration and responsiveness', 'Be adept in time management, execution, follow up, and have excellent attention to detail', 'Experience within Pharmaceutical company is an advantage', 'Experience with and an understanding of market research is an advantage']], [['Menentukan strategi untuk mengembangkan jalur pemasaran di creative channel', 'Bertanggung jawab atas pelaksanaan Creative Channel activity mulai dari perencanaan, pelaksanaan dan mengkoordinasian Creative Channel executive yang berada di seluruh cabang', 'Monitor dan mengevaluasi produktifitas Team Creative Channel yang ada dibawahnya dengan menganalisa laporan rutin baik mingguan maupun bulanan untuk memastikan pencapaian target penjualan', 'Membina kerjasama yang baik dengan bagian terkait : Brand management, Sales departemen, Distributor, mitra, vendor, dan institusi terkait', 'Memastikan kerjasama dengan mitra Creative Channel dapat terjalin hubungan kerjasama yang berkelanjutan'], ['Pendidikan minimal S1', 'Memiliki pengalaman relevan selama minimal 3 tahun', 'Memiliki kemampuan : mapping area/potensi, negosiasi, client management, project management, kolaborasi, excellence management.']], [['Memonitor program promosi di cabang dan mengevaluasi kegiatan – kegiatan cabang yang telah dijalankan.', 'Melakukan review usulan kegiatan promosi yang diajukan oleh cabang, memberikan masukan/koreksi, dengan dikaitkan sumber daya yang ada ( dana, personil, waktu ) dan melakukan monitor', 'Koordinasi dan berkolaborasi dengan Brand Management/Customer Development, untuk kelancaran dari kegiatan – kegiatan merchandising dan promosi di cabang-cabang.', 'Melakukan evaluasi program dan pengembangan program yang berkaitan dengan pihak distribusi untuk peningkatan sales dan demand pada area yang menjadi tanggung jawabnya.', 'Membina hubungan dan mengevaluasi : team distributor, subdist, outlet – outlet Pareto, Outsourcing, Event Organizer, Institusi-institusi luar yang berkaitan dengan sales dan promosi guna peningkatan demand dan sales.', 'Memonitor sales cabang yang menjadi tanggung jawabnya dan mengevaluasi secara periodik : mingguan, bulanan, triwulan dan bulan berjalan, per item produknya.', 'Mengevaluasi sales cabang by channel, by outlet category dan by grup brand yang harus ditingkatkan dan dikembangkan secara terus-menerus.', 'Mengajukan/mengusulkan pengembangan pengarapan area cabang yang dikaitkan dengan efektifitas dan efisiensi kerja cabang.'], ['Pendidikan min S1 dari semua jurusan.', 'Memiliki SIM A.', 'Memiliki Leadership & Negistiiation skill dan jiwa entrepreneurship', 'Berpengalaman di bisnis OTC/Consumer product minimal 3 tahun', 'Unggul dalam kemampuan Strategic Thinking, Analytical Thinking, Presentation Skill', 'Kantor Region : Semarang'], []], [['Minimum qualification of Bachelor’s Degree in any field with minimum GPA 3.00 or equivalent', 'Fresh graduates are welcome to apply', 'High English proficiency both verbal and written', 'Excellent verbal and written communication skill', 'Experience with MS Office Suite, specifically Intermediate Excel knowledge', 'Knowledge of Human Resource Information Systems (HRIS) and employment law', 'Ability to collect, collate and analyze data', 'Ability to maintain utmost confidentiality and protect sensitive HR information', 'Ability to work independently and thrive in a fast-paced environment']], [['Pendidikan Min SMK – Analis Kimia.', 'Memiliki pengalaman dibidang yang sama min 1 thn.', 'Dapat melakukan analisa menggunakan instrumenr QC seperti HPLC, GC, Spektrofotometer, AAS, pH meter dan TLC.', 'Memahami CPOB.', 'Fast learner and good communication skill', 'Bersedia untuk shifting', 'Bersedia ditempatkan di Delta Mas, Cikarang.'], []], [['Pendidikan Min SMK Farmasi/Analis, SMA IPA', 'Memahami CPOB dan CGMP', 'Dapat menggunakan peralatan timbang dan alat ukur presisi', 'Fast learner dan good communication skill', 'Bersedia bekerja shifting', 'Penempatan di Delta Mas, Cikarang']], [['Melakukan eksekusi protokol kualifikasi mesin dan peralatan', 'Mengumpulkan data hasil kualifikasi', 'Melakukan monitoring ruangan dan monitoring air', 'Melakukan kalibrasi instrumen'], ['Pendidikan min DIII Teknik Elektronika / Instrumentasi', 'Dapat mengoperasikan instrumen thermohygrometer, tekanan, suhu encloser', 'Memahami prinsip mekanikal dan instrumentasi farmasi', 'Memiliki pengalaman dibidang yang sama min 1 tahun', 'Fast learner and execellent communication skill', 'Dapat mengoperasikan Ms. Office', 'Bersedia bekerja shifting', 'Penempatan Delta Mas, Cikarang']], [['Melakukan perbaikan dan perawatan mesin dan peralatan produksi secara berkala.', 'Mengontrol penggunaan utilities yang ada.', 'Bertanggung jawab untuk mengatasi trouble shooting dan fine tuning'], ['Pendidikan min SMK/DIII jurusan Teknik Mekatronika / Listrik / Mekanik', 'Pengalaman Min 2 Tahun', 'Teliti dan detail', 'Menyukai pekerjaan lapangan', 'Dapat bekerja secara individual dan team', 'Bersedia ditempatkan di Deltamas – Cikarang']]]","[[''], ['Deskripsi Pekerjaan:'], ['Job Description', 'Kualifikasi'], ['Kualifikasi'], ['Responsibility :'], ['Requirement :'], ['Deskripsi Pekerjaan', 'Kualifikasi'], ['Responsibility :', 'Requirement :']]",E:/Belajar/www.disnakerja.com/images/PT Saka Farma Laboratories (Kalbe Consumer Health).jpg,"['Should you interested to apply, please drop your CV to:', ' Apply ', 'https://docs.google.com/forms/d/1b3vqjaLmM7THoBqzzkDXthTCdHjgETZ2Y1k0uWhRTaI/viewform?edit_requested=true', '* Only qualified candidates will be invited']","February 11, 2021",https://www.disnakerja.com/job/lowongan-kerja-pt-saka-farma-laboratories-kalbe-consumer-health/," <p style=""text-align: justify;"">Cikal bakal Perusahaan dimulai di Semarang pada tahun 1956 dengan kegiatan usaha perdagangan obat-obatan &amp; kebutuhan farmasi lainnya, seiring makin berkembangnya perusahaan maka tahun 1960 didirikan PT Sakafarma Sehat dengan kegiatan usaha memproduksi &amp; memasarkan obat-obatan produksinya tsb. Perkembangan perusahaan terus membaik seiiring dengan perjalanan waktu hingga memasuki era tahun 1990 yang persaingannya semakin kompetitif.</p> <p style=""text-align: justify;"">Mengingat pasar yang semakin berkembang &amp; persaingan industri farmasi yang kian ketat , maka pada tahun 1997 perusahaan menggandeng PT Kalbe Farma Tbk yaitu perusahaan farmasi terbesar di Tanah Air yang memiliki kompetensi dalam industri tsb untuk bekerjasama meningkatkan kinerja perusahaan dan perusahaan berubah nama menjadi PT Sakafarma Laboratories. Pada akhir Agustus 2009, PT Kalbe Farma Tbk (KLBF) menguasai seluruh kepemilikan PT Saka Farma Laboratories.</p> <p style=""text-align: justify;"">Untuk mengimbangi perkembangan bisnis perusahaan, kami mengundang kandidat yang bersemangat, kompeten dan berdedikasi tinggi untuk bergabung dengan tim kami.</p> <p style=""text-align: justify;"">Saat ini PT Saka Farma Laboratories (Kalbe Consumer Health) kembali membuka lowongan kerja terbaru pada bulan Februari 2021. Adapun dibawah ini adalah posisi jabatan yang saat ini tersedia bagi Anda para pencari kerja yang tertarik untuk mengembangkan karir Anda bersama PT Saka Farma Laboratories (Kalbe Consumer Health) dengan kualifikasi sebagai berikut.</p> <h4 style=""text-align: center;"">Lowongan Kerja PT Saka Farma Laboratories (Kalbe Consumer Health)</h4><p> Untuk beberapa orang, dalam mencari pekerjaan adalah sesuatu hal yang cukup sulit. kalaupun mendapatkan pekerjaan itu mudah, belum tentu itu sesuai dengan apa yang kita inginkan. Yang terpenting sekarang adalah ikhtiar, Semangat, dan berusaha. Sesulit apapun dalam mencari kerja, kita tetap yakin kita masih punya Allah SWT yang maha kaya dan tetap pantang menyerah.</p>
                                            <p> Kegagalan bukan bearti Anda berakhir dalam menjalani kehidupan, Manakala Anda Masih diberikan kenikmatan hidup sembari terus mencoba dan belajar dalam mengembangkan bisnis. Orang-orang mungkin menganggap anda telah gagal. Namun jika anda masih tetap terus berjuang mencoba dan menikmati hidup, maka anda belum berada pada kegagalan. Durasi Hidup Anda Akan Terasa Singkat Ketika Rasa Dendam Masih Memenuhi Kepala Anda. Jangan biarkan isi kepala dan hari-hari anda dipenuhi rasa dendam, karena itu akan membuat hidup anda penuh kegelapan dan takkan memiliki makna. Ujung -ujungnya adalah mempersingkat hidup anda. Yang Berani Mendengar adalah Mereka yang Memiliki Sejuta Angan-angan Belaka. Yang Berani Melihat adalah Mereka yang Memiliki Sejuta Impian Belaka. Dan Yang Berani Mencoba adalah Mereka yang Akan Memiliki Angan-angan dan Impian yang Nyata.</p>
                                            ","
Should you interested to apply, please drop your CV to:
 Apply 
https://docs.google.com/forms/d/1b3vqjaLmM7THoBqzzkDXthTCdHjgETZ2Y1k0uWhRTaI/viewform?edit_requested=true
* Only qualified candidates will be invited",10,"[9, 8, 7, 6, 5, 4, 3, 2, 1, 0]"
13,13,PT Ajinomoto Indonesia,"['1. Planning & Marketing Associate Manager', '2. Accounting Staff', '3. IT Service Designer Staff', '4. IT Service Designer Staff', '5. IT Service Designer Manager']","[[['Conducting consumer and market surveys to find out market potential in developing new business in PT Ajinomoto Indonesia Group that are in accordance with consumer needs.', 'Conducting feasibility studies, product development plans (concept, strategies and launching), in collaborating with related department to realize the launch schedule time.', 'Create a marketing plan (4P) and sales strategy (ATL & BTL) to establish New Business', 'Manage and ensuring brand deployment as well as brand plan, by analysis of profit and loss including controlling marketing', 'Leads coordination with agencies, other function or related parties to deliver brand activation', 'Assist section manager to realize the targets of department'], ['Brand and Product management', 'Concept of Marketing Strategy (4P)', 'Product Development include market/consumer research, BPOM Regulation', 'Sales and profit as core business target, including marketing expense management', 'ATL , BTL, Digital activity']], [['Inspect account books for efficiency and accuracy', 'Creating a report, organize and update financial records', 'Creating and Monitoring AP'], ['Age maksimum 25 Years Old', 'Educational Background minimum possess Bachelor Degree (S1), major in Accounting', 'Have experience minimum 1 year as Accounting staff, fresh graduate are welcome.', 'Knowledgeable about PSAK or IFRS (certified are preferable)']], [['Good in English (written & verbal)', 'Energized, Passionate in IT system & new digital technology, and autonomous person', 'Strong logical thinking/problem solving, initiative and priority setting', 'Good communication and good as a team leader', 'Required skill : Application Engineer, System Analyst, Application Designer'], ['Promote development and execution of digital technology to align with mid-term and annual plan related with DX activity.', 'Ensure IT service design of realizing concept and digital technology that directly linked to customer values.', 'Leading the agile cycle of prototype development, feasibility study and release, by making the collaboration with business users.', 'Leading related departments and external parties such as IT infrastructure and IT service provider.'], ['Age 25-30 years old', 'Education Background must posses min. Bachelor Degree up to Master Degree with major in Information Technology', 'Have minimum 3 years working experience in IT StartUp Company or IT Service Provider', 'Has experience in IT maintenance (infrastructure & application).', 'Has experience in the business process optimization (e.g. Sales, Marketing, Manufacturing)', 'Has experience of implementation cloud computing (e.g. AWS, GCP)']], [['Good in English (written & verbal)', 'Energized, Passionate in IT system & new digital technology, and autonomous person', 'Strong logical thinking/problem solving, initiative and priority setting', 'Good communication and good as a team leader', 'Required skill : Application Engineer, System Analyst, Application Designer'], ['Promote development and execution of digital technology to align with mid-term and annual plan related with DX activity.', 'Ensure IT service design of realizing concept and digital technology that directly linked to customer values.', 'Leading the agile cycle of prototype development, feasibility study and release, by making the collaboration with business users.', 'Leading related departments and external parties such as IT infrastructure and IT service provider.'], ['Age 25-30 years old', 'Education Background must posses min. Bachelor Degree up to Master Degree with major in Information Technology', 'Have minimum 3 years working experience in IT StartUp Company or IT Service Provider', 'Has experience in IT maintenance (infrastructure & application).', 'Has experience in the business process optimization (e.g. Sales, Marketing, Manufacturing)', 'Has experience of implementation cloud computing (e.g. AWS, GCP)']], [['Knowledge in data processing(SQL, Excel, Access), ERP, IT Architect', 'Good in English (written & verbal)', 'Energized, Passionate in IT system & new digital technology,and autonomous person (Creative Idea as App Designer)', 'Strong logical thinking/problem solving, initiative and priority setting', 'Good communication and good as a team leader (Customer Fast Policy, good at liase with client)'], ['Promote development and execution of digital technology to align with mid-term and annual plan related with DX activity.', 'Ensure IT service design of realizing concept and digital technology that directly linked to customer values.', 'Leading the agile cycle of prototype development, feasibility study and release, by making the collaboration with business users.', 'Leading related departments and external parties such as IT infrastructure and IT service provider.'], ['Age 30-35 years old', 'Education Background must posses min. Bachelor Degree up to Master Degree with major in Information Technology', 'Have min. 3 years working experience in IT StartUp Company or IT Service Provider (big scale of cloud computing such as AWS, GCP, including servers, storage databases, networking, software, analytics, and intelligence.)', 'Having ability to execute“cutting-edge” digital technologies including data analytics', 'Has experience of design thinking, creation of entire concept by utilizing digital technology.'], []]]","[['Responsibilities'], ['Responsibilities'], ['Responsibilities', 'Jobdesk'], ['Responsibilities', 'Jobdesk', 'Requirement'], ['Responsibilities', 'Jobdesk', 'Requirement', 'Placement: Jakarta Utara']]",E:/Belajar/www.disnakerja.com/images/PT Ajinomoto Indonesia.jpg,"['Please send to Us a complete and updated CV/Resumes that comes with Job Desk details in the current job via email to:', 'rekrutmen@ajinomoto.co.id', '/cdn-cgi/l/email-protection', 'Job date closed: 03 March 2021, Only shortlisted candidate will be contacted']","February 11, 2021",https://www.disnakerja.com/job/lowongan-kerja-pt-ajinomoto-indonesia/," <p style=""text-align: justify;"">PT Ajinomoto Indonesia mewarnai kehidupan masyarakat Indonesia agar menjadi lebih berarti dengan menciptakan kehidupan yang lebih baik dengan menciptakan produk yang unik dalam bidang makanan yang dapat merealisasikan filosofi “Eat Well, Live Well”, sehingga bisnis kami bisa membuat lingkungan di bumi lebih terpelihara. PT. Ajinomoto Indonesia adalah perusahaan yang menumbuhkan rasa bangga bagi karyawannya. Di PT. Ajinomoto Indonesia, kami menawarkan jenjang karir, dan memberikan kesempatan bagi setiap karyawan untuk mengembangkan bakat dan keahliannya melalui pelatihan-pelatihan yang kami selenggarakan. Kami mencari sumber daya yang memiliki integritas dan loyalitas yang tinggi dalam menghadapi tantangan. Dengan bekal tersebut, bersama PT. Ajinomoto Indonesia kami akan memberikan kontribusi yang nyata bagi masyarakat, khususnya di bidang makanan dan kesehatan.</p> <p style=""text-align: justify;"">Saat ini PT Ajinomoto Indonesia kembali membuka lowongan kerja terbaru pada bulan Februari 2021. Adapun dibawah ini adalah posisi jabatan yang saat ini tersedia bagi Anda para pencari kerja yang tertarik untuk mengembangkan karir Anda bersama PT Ajinomoto Indonesia dengan kualifikasi sebagai berikut.</p><p> Untuk beberapa orang, dalam mencari pekerjaan adalah sesuatu hal yang cukup sulit. kalaupun mendapatkan pekerjaan itu mudah, belum tentu itu sesuai dengan apa yang kita inginkan. Yang terpenting sekarang adalah ikhtiar, Semangat, dan berusaha. Sesulit apapun dalam mencari kerja, kita tetap yakin kita masih punya Allah SWT yang maha kaya dan tetap pantang menyerah.</p>
                                            <p> Kegagalan bukan bearti Anda berakhir dalam menjalani kehidupan, Manakala Anda Masih diberikan kenikmatan hidup sembari terus mencoba dan belajar dalam mengembangkan bisnis. Orang-orang mungkin menganggap anda telah gagal. Namun jika anda masih tetap terus berjuang mencoba dan menikmati hidup, maka anda belum berada pada kegagalan. Durasi Hidup Anda Akan Terasa Singkat Ketika Rasa Dendam Masih Memenuhi Kepala Anda. Jangan biarkan isi kepala dan hari-hari anda dipenuhi rasa dendam, karena itu akan membuat hidup anda penuh kegelapan dan takkan memiliki makna. Ujung -ujungnya adalah mempersingkat hidup anda. Yang Berani Mendengar adalah Mereka yang Memiliki Sejuta Angan-angan Belaka. Yang Berani Melihat adalah Mereka yang Memiliki Sejuta Impian Belaka. Dan Yang Berani Mencoba adalah Mereka yang Akan Memiliki Angan-angan dan Impian yang Nyata.</p>
                                            ","
Please send to Us a complete and updated CV/Resumes that comes with Job Desk details in the current job via email to:
rekrutmen@ajinomoto.co.id
/cdn-cgi/l/email-protection
Job date closed: 03 March 2021, Only shortlisted candidate will be contacted",7,"[6, 5, 4, 3, 2, 1, 0]"
14,14,PT Angkasa Pura Kargo,"['1. Audit Manager', '2. Senior Supervisor Risk Management']","[[['Pendidikan minimal S1', 'Pengalaman sebagai Audit Manager minimal 2 tahun', 'Diutamakan memiliki pengalaman bekerja di BUMN/Anak Perusahaan BUMN di bidang Kebandarudaraan/Kargo.', 'Pendidikan minimal S1 di bidang terkait.', 'Memiliki Sertifikat Internal Auditor.']], [['Pendidikan minimal S1', 'Memiliki pengalaman sebagai Komite Risk Management/Risk Officer minimal total 8 tahun', 'Diutamakan memiliki pengalaman bekerja di BUMN/anak perusahaan BUMN di bidang Kebandarudaraan/Kargo.', 'Pendidikan minimal S1 di bidang terkait.', 'Memiliki Sertifikat Risk Management.']]]","[['Kualifikasi'], ['Kualifikasi']]",E:/Belajar/www.disnakerja.com/images/PT Angkasa Pura Kargo.jpg,"['Please send to Us a complete and updated CV/Resumes to:', 'karir@angkasapurakargo.co.id', ' with applied position', '/cdn-cgi/l/email-protection', '\xa0']",,https://www.disnakerja.com/job/lowongan-kerja-pt-angkasa-pura-kargo/," <p style=""text-align: justify;"">Usaha pelayanan kargo dimulai pada tahun 2007 saat PT. Angkasa Pura II (Persero) mengoperasikan terminal kargo untuk memenuhi kebutuhan perusahaan-perusahaan yang bergerak di sektor logistik. Seiring perkembangan infrastuktur bandara di Indonesia dan perbaikan atas layanan bandara yang mengedepankan keamanan dan keselamatan atas pengiriman dan pengelolaan kargo, maka di tahun 2016 PT. Angkasa Pura II (Persero) membentuk anak usaha strategis yakni PT. Angkasa Pura Kargo dengan fokus layanan di bidang jasa operator terminal kargo, pelayanan kargo dan pos udara serta pengembangan prasarana dan sarana terminal kargo. PT. Angkasa Pura Kargo beroperasi di sejumlah bandara Indonesia yang dikelola oleh PT Angkasa Pura II (Persero).</p> <p style=""text-align: justify;"">Angkasa Pura Kargo memastikan aspek penting seperti keberlanjutan, keselamatan dan keamanan pengelolaan rantai pasokan di bandara. Pengiriman kargo dari gudang dengan transportasi udara seperti pesawat terbang komersial atau pesawat kargo sesuai dengan prosedur serta standarisasi keselamatan dan kemananan yang diakui dan terakreditasi oleh lembaga dalam negeri dan internasional.</p> <p style=""text-align: center;""><strong>Lowongan Kerja PT Angkasa Pura Kargo</strong></p><p> Untuk beberapa orang, dalam mencari pekerjaan adalah sesuatu hal yang cukup sulit. kalaupun mendapatkan pekerjaan itu mudah, belum tentu itu sesuai dengan apa yang kita inginkan. Yang terpenting sekarang adalah ikhtiar, Semangat, dan berusaha. Sesulit apapun dalam mencari kerja, kita tetap yakin kita masih punya Allah SWT yang maha kaya dan tetap pantang menyerah.</p>
                                            <p> Kegagalan bukan bearti Anda berakhir dalam menjalani kehidupan, Manakala Anda Masih diberikan kenikmatan hidup sembari terus mencoba dan belajar dalam mengembangkan bisnis. Orang-orang mungkin menganggap anda telah gagal. Namun jika anda masih tetap terus berjuang mencoba dan menikmati hidup, maka anda belum berada pada kegagalan. Durasi Hidup Anda Akan Terasa Singkat Ketika Rasa Dendam Masih Memenuhi Kepala Anda. Jangan biarkan isi kepala dan hari-hari anda dipenuhi rasa dendam, karena itu akan membuat hidup anda penuh kegelapan dan takkan memiliki makna. Ujung -ujungnya adalah mempersingkat hidup anda. Yang Berani Mendengar adalah Mereka yang Memiliki Sejuta Angan-angan Belaka. Yang Berani Melihat adalah Mereka yang Memiliki Sejuta Impian Belaka. Dan Yang Berani Mencoba adalah Mereka yang Akan Memiliki Angan-angan dan Impian yang Nyata.</p>
                                            ","
Please send to Us a complete and updated CV/Resumes to:
karir@angkasapurakargo.co.id
 with applied position
/cdn-cgi/l/email-protection
 ",4,"[3, 2, 1, 0]"
