,0
0,https://www.disnakerja.com/job/lowongan-kerja-pt-exedy-manufacturing-indonesia/
1,https://www.disnakerja.com/job/lowongan-kerja-first-resources-group/
2,https://www.disnakerja.com/job/lowongan-kerja-pt-hasnur-riung-sinergi-hrs/
3,https://www.disnakerja.com/job/lowongan-kerja-pt-tirtakencana-tatawarna-avian-brands/
4,https://www.disnakerja.com/job/lowongan-kerja-pt-baker-hughes-indonesia/
5,https://www.disnakerja.com/job/lowongan-kerja-pt-lpp-agro-nusantara-ptpn-iii-group/
6,https://www.disnakerja.com/job/lowongan-kerja-pt-paragon-technology-and-innovation-4/
7,https://www.disnakerja.com/job/lowongan-kerja-pt-metropolitan-televisindo-rtv-2/
8,https://www.disnakerja.com/job/lowongan-kerja-pt-media-putra-nusantara-idn-media-2/
9,https://www.disnakerja.com/job/lowongan-kerja-pt-dharma-polimetal-dharma-group/
10,https://www.disnakerja.com/job/lowongan-kerja-pt-indomarco-prismatama-indomaret-group-2/
11,https://www.disnakerja.com/job/lowongan-kerja-pt-asian-isuzu-casting-center/
12,https://www.disnakerja.com/job/lowongan-kerja-pt-tirta-fresindo-jaya-mayora-group-4/
