,Nama,Posisi,Kualifikasi,kode_kual,Path_Gambar,Keterangan,Tanggal,Alamat,artikel
0,PT Trans Digital Media (Detikcom),"['1. Video Editor', '2. Video Support Services']","[[['', 'Minimum 1-year experiences in Video Editing, fresh graduates are welcome', 'Have relevant working experience in the Media industry', 'Have knowledge in motion graphic, film, or cinematography is a plus', 'Basic knowledge of voice-over recording, sound mixing, and color grading.', 'Able to work under a tight deadline', 'Fluent in operating Adobe Premiere, Adobe After Effect, and Adobe Final Cut Pro', '']], [['', 'Minimum 1-year experiences in Video Editing/Library, fresh graduates are welcome', 'Have relevant working experience in the Media industry', 'Able to work under a tight deadiine', 'Update with video trends in all social media platforms', '']]]","[['Requirements'], ['Requirements']]",E:/Belajar/www.disnakerja.com/images/PT Trans Digital Media (Detikcom).jpg,"['Bagi Anda yang berminat, silahkan mengirimkan lamaran ke', 'Email: jobs@detik.com, Subjek: Posisi_Nama']","December 28, 2020",https://www.disnakerja.com/job/lowongan-kerja-pt-trans-digital-media-detik-com-2/,"
<p style=""text-align: justify;"">Detikcom adalah sebuah portal web yang berisi berita dan artikel daring di Indonesia. Detikcom merupakan salah satu situs berita terpopuler di Indonesia. Berbeda dari situs-situs berita berbahasa Indonesia lainnya, Detikcom hanya mempunyai edisi daring dan menggantungkan pendapatan dari bidang iklan. Meskipun begitu, Detikcom merupakan yang terdepan dalam hal berita-berita baru (breaking news). Sejak tanggal 3 Agustus 2011, detikcom menjadi bagian dari PT Trans Corporation, salah satu anak perusahaan CT Corp.</p>
<p style=""text-align: justify;"">Saat ini PT Trans Digital Media (Detik.com) kembali membuka lowongan kerja terbaru pada bulan Desember 2020. Adapun dibawah ini adalah posisi jabatan yang saat ini tersedia bagi Anda para pencari kerja yang tertarik untuk mengembangkan karir Anda bersama PT Trans Digital Media (Detik.com) dengan kualifikasi sebagai berikut.</p>
<h4 style=""text-align: center;"">Lowongan Kerja PT Trans Digital Media (Detik.com)</h4>
<hr/>
<h5>1. Video Editor</h5>
<p>Requirements</p>
<ol>
<li>Minimum 1-year experiences in Video Editing, fresh graduates are welcome</li>
<li>Have relevant working experience in the Media industry</li>
<li>Have knowledge in motion graphic, film, or cinematography is a plus</li>
<li>Basic knowledge of voice-over recording, sound mixing, and color grading.</li>
<li>Able to work under a tight deadline</li>
<li>Fluent in operating Adobe Premiere, Adobe After Effect, and Adobe Final Cut Pro</li>
</ol>
<h5>2. Video Support Services</h5>
<p>Requirements</p>
<ol>
<li>Minimum 1-year experiences in Video Editing/Library, fresh graduates are welcome</li>
<li>Have relevant working experience in the Media industry</li>
<li>Able to work under a tight deadiine</li>
<li>Update with video trends in all social media platforms</li>
</ol>
<hr/>
<p style=""text-align: center;"">Bagi Anda yang berminat, silahkan mengirimkan lamaran ke</p>
<p style=""text-align: center;"">Email: jobs@detik.com<br/>
Subjek: Posisi_Nama</p>
 "
1,PT Salam Pacific Indonesia Lines,['Heavy Equipment Mechanic'],"[[['', 'Pendidikan min. D3/ S1 Teknik Otomasi/ Teknik Elektro (arus lemah)', 'Fresh graduate dipersilahkan melamar/ berpengalaman', 'Memiliki komunikasi yang baik, jiwa kepemimpinan dan kemampuan presentasi', 'Lebih disukai memiliki kemampuan basic electrical dan trouble shooting electrica', 'Bersedia ditempatkan di seluruh Indonesia', 'Lokasi rekrutmen berada di Surabaya', 'Loyalitas tinggi', '']]]",[['Kualifikasi']],E:/Belajar/www.disnakerja.com/images/PT Salam Pacific Indonesia Lines.jpg,"['Bagi Anda yang berminat, silahkan mengirimkan lamaran ke :', 'Email: recruitment@spil.co.id, Subjek: HVE Mechanic_Jurusan_Universitas']","December 28, 2020",https://www.disnakerja.com/job/lowongan-kerja-pt-salam-pacific-indonesia-lines-2/,"
<p style=""text-align: justify;"">Salam Pacific Indonesia Lines (SPIL) adalah kapal kontainer terkemuka di Indonesia. Sekarang, kami bergerak ke era digital dan mentransformasikannya untuk menjunjung tinggi moto kami Pulau Penghubung SPIL dengan 39 pelabuhan tujuan yang berlokasi strategis di seluruh kepulauan Indonesia. Didukung oleh tim profesional kompeten kami, kami membagikan keahlian kami dalam bidang Logistik dan Manajemen Rantai Pasokan kepada pelanggan dan mitra kami yang berharga. SPIL terus meningkatkan jaringannya untuk menyediakan layanan berkualitas tinggi.</p>
<p style=""text-align: justify;"">Saat ini PT Salam Pacific Indonesia Lines kembali membuka rekrutmen lowongan kerja terbaru pada bulan Desember 2020. Kami segera membutuhkan tenaga professional muda yang dinamis dan qualified untuk menempati posisi pekerjaan yang sesuai dengan kebutuhan perusahaan kami. Adapun posisi yang dibutuhkan adalah sebagai berikut:</p>
<h4 style=""text-align: center;"">Lowongan Kerja PT Salam Pacific Indonesia Lines</h4>
<hr/>
<h5>Heavy Equipment Mechanic</h5>
<p>Kualifikasi</p>
<ol>
<li>Pendidikan min. D3/ S1 Teknik Otomasi/ Teknik Elektro (arus lemah)</li>
<li>Fresh graduate dipersilahkan melamar/ berpengalaman</li>
<li>Memiliki komunikasi yang baik, jiwa kepemimpinan dan kemampuan presentasi</li>
<li>Lebih disukai memiliki kemampuan basic electrical dan trouble shooting electrica</li>
<li>Bersedia ditempatkan di seluruh Indonesia</li>
<li>Lokasi rekrutmen berada di Surabaya</li>
<li>Loyalitas tinggi</li>
</ol>
<hr/>
<p style=""text-align: center;"">Bagi Anda yang berminat, silahkan mengirimkan lamaran ke :</p>
<p style=""text-align: center;"">Email: recruitment@spil.co.id<br/>
Subjek: HVE Mechanic_Jurusan_Universitas</p>
 "
2,PT Putra Perkasa Abadi (PPA),['Tax Staff'],"[[['', 'Pendidikan Min D3 Akuntansi / Perpajakan', 'Usia Maks 35 Thn', 'Pengalaman Min. 3 thn diposisi yang sama', 'Memiliki Brevet A & B', 'Mengerti perhitungan pajak PPH, PPN dan pelaporan SPT', 'Menguasai Program E-Fin, E-Faktur, E-SPT dll.', 'Mengerti dan memahami peraturan perpajakan di Indonesia secara umum.', 'Menguasai program ERP, diutamakan system SAP', 'Pernah bekerja di Konsultan Pajak', 'Peempatan Jakarta', '']]]",[['Kualifikasi']],E:/Belajar/www.disnakerja.com/images/PT Putra Perkasa Abadi (PPA).jpg,"['Bagi Anda yang berminat, silahkan melakukan pendaftaran secara online:', 'Apply ', 'https://docs.google.com/forms/d/e/1FAIpQLSerw0LI9Rpdl7b5bqVP8C_EPv8Bg3AmIIJv1zfFDWpHTTTq5w/viewform', 'Deadline 10 Januari 2021']","December 28, 2020",https://www.disnakerja.com/job/lowongan-kerja-pt-putra-perkasa-abadi-ppa-2/,"


 "
3,PT Indofood CBP Sukses Makmur Tbk – NSF Division,"['1. Security Wanita (Security Crew)', '2. Security Pria (Security Crew)', '3. Teknisi (Technical Field)']","[[['', 'Minimal lulusan SMA sederajat', 'Usia maksimal 30 tahun', 'Memiliki ijazah/sertifikat pelatihan Security (minimal Gada Pratama)', 'Memiliki Kartu Tanda Anggota (KTA) yang masih berlaku.', '']], [['', 'Minimal lulusan SMA sederajat', 'Usia maksimal 30 tahun', 'Memiliki ijazah/sertifikat pelatihan Security (minimal Gada Pratama)', 'Memiliki Kartu Tanda Anggota (KTA) yang masih berlaku', 'Bersedia kerja shift.', '']], [['', 'Minimal lulusan SMK atau D-3 jurusan Teknik Listrik/Mekatronika/Otomasi', 'Usia maksimal 30 tahun', 'Bersedia kerja shift', ''], ['', 'Penempatan: Padalarang, Kabupaten Bandung Barat', '']]]","[['Kualifikasi'], ['Kualifikasi'], ['Kualifikasi', '']]",E:/Belajar/www.disnakerja.com/images/PT Indofood CBP Sukses Makmur Tbk – NSF Division.jpg,"['Bagi Anda yang berminat, silahkan mengirimkan lamaran ke :', 'recruitment1@icbp.indofood.co.id']","December 28, 2020",https://www.disnakerja.com/job/lowongan-kerja-pt-indofood-cbp-sukses-makmur-tbk-nsf-division/,"
<p style=""text-align: justify;"">Divisi Nutrisi &amp; Makanan Khusus dibentuk untuk membantu memenuhi kebutuhan gizi anak-anak Indonesia, melalui penyediaan produk-produk makanan bernutrisi untuk bayi dan balita, juga minuman susu bernutrisi untuk ibu hamil dan juga ibu menyusui.</p>
<p style=""text-align: justify;"">Divisi Nutrisi &amp; Makanan Khusus menerapkan standar tertinggi di industri, terlihat pada fasilitas produksi di Padalarang yang merupakan salah satu fasilitas produksi makanan bayi terbesar di Asia Tenggara.<br/>
Melalui dua mereknya, Promina dan SUN, Divisi Nutrisi &amp; Makanan Khusus menghadirkan berbagai makanan bayi berkualitas yang sesuai dengan masa pertumbuhan, seperti bubur sereal, bubur tim, sup mi dan biskuit, serta susu untuk ibu hamil dan untuk ibu menyusui.</p>
<p style=""text-align: justify;"">Saat ini PT Indofood CBP Sukses Makmur Tbk kembali membuka lowongan kerja terbaru pada bulan Desember 2020. Adapun dibawah ini adalah posisi jabatan yang saat ini tersedia bagi Anda para pencari kerja yang tertarik untuk mengembangkan karir Anda bersama PT Indofood CBP Sukses Makmur Tbk dengan kualifikasi sebagai berikut.</p>
<h4 style=""text-align: center;"">Lowongan Kerja PT Indofood CBP Sukses Makmur Tbk – Nutrition &amp; Special Foods Division</h4>
<hr/>
<h5>1. Security Wanita (Security Crew)</h5>
<p>Kualifikasi</p>
<ol>
<li>Minimal lulusan SMA sederajat</li>
<li>Usia maksimal 30 tahun</li>
<li>Memiliki ijazah/sertifikat pelatihan Security (minimal Gada Pratama)</li>
<li>Memiliki Kartu Tanda Anggota (KTA) yang masih berlaku.</li>
</ol>
<h5>2. Security Pria (Security Crew)</h5>
<p>Kualifikasi</p>
<ol>
<li>Minimal lulusan SMA sederajat</li>
<li>Usia maksimal 30 tahun</li>
<li>Memiliki ijazah/sertifikat pelatihan Security (minimal Gada Pratama)</li>
<li>Memiliki Kartu Tanda Anggota (KTA) yang masih berlaku</li>
<li>Bersedia kerja shift.</li>
</ol>
<h5>3. Teknisi (Technical Field)</h5>
<p>Kualifikasi</p>
<ol>
<li>Minimal lulusan SMK atau D-3 jurusan Teknik Listrik/Mekatronika/Otomasi</li>
<li>Usia maksimal 30 tahun</li>
<li>Bersedia kerja shift</li>
</ol>
<ul>
<li>Penempatan: Padalarang, Kabupaten Bandung Barat</li>
</ul>
<hr/>
<p style=""text-align: center;"">Bagi Anda yang berminat, silahkan mengirimkan lamaran ke :</p>
<p style=""text-align: center;"">recruitment1@icbp.indofood.co.id</p>
 "
4,PT Virama Karya (Persero),['1. Staff Manajemen Risiko (MRI)'],"[[['', 'Usia maks. 35 tahun', 'Pendidikan min. S1 (S2 lebih diutamakan)', 'IPK min. 3.00', 'Pengalaman min. 3 tahun dibidang Operational Risk Management di perusahaan Infrastuktur', 'Sehat jasmani (Melampirkan Surat Keterangan Sehat)', 'Tidak memiliki catatan kriminal (melampirkan SKCK)', '']]]",[['Kualifikasi']],E:/Belajar/www.disnakerja.com/images/PT Virama Karya (Persero).jpg,"['Bagi Anda yang berminat, silahkan melakukan pendaftaran secara online:', 'Apply ', 'https://docs.google.com/forms/d/e/1FAIpQLSc_aPrCSUc2gGHninwQ7iHl7Eyyx-DzBdFISDS_rWLG5fZGbA/viewform', 'Deadline 15 Januari 2021']","December 28, 2020",https://www.disnakerja.com/job/lowongan-kerja-pt-virama-karya-persero/,"
<p style=""text-align: justify;"">Persero PT VIRAMA KARYA adalah perusahaan konsultan dengan spesialisasi pada bidang pelayanan jasa teknik dan manajemen bidang transportasi jalan dan jembatan serta bidang teknik sipil lainnya. Pada awalnya, perusahaan ini adalah perusahaan Swasta Belanda yang bernama NV. Architecten Ingenieurs Bureau Fermon Cuypers yang didirikan pada tahun 1961. Perusahaan ini dinasionalisasi melalui peraturan pemerintah (PP) No. 56/1961, dan beroperasi di bawah Binaan Kementerian Tenaga Listrik dan Pekerjaan Umum. Kemudian pada tahun 1970, menjadi Persero PT Virama Karya berdasarkan PP No. 38/1970, dengan pembinaan dari Departemen Pekerjaan Umum dan Departemen Keuangan. Dari tahun 1971 sampai sekarang telah banyak pekerjaan-pekerjaan yang dipercayakan kepada PT Virama Karya baik untuk pekerjaan tata ruang, pemetaan, jalan dan jembatan maupun pekerjaan bendungan dan irigasi.</p>
<p style=""text-align: justify;"">Perusahaan PT Virama Karya adalah perusahaan independen dan tidak mempunyai hubungan dengan perusahaan kontraktor manapun. Namun sering bekerjasama dengan perusahaan konsultan sejenis, baik konsultan internasional maupun konsultan nasional. Berikut adalah daftar konsultan asing yang pernah bekerjasama dengan PT. Virama Karya baik sebagai Lead Firm maupun sebagai Associate.</p>
<p style=""text-align: justify;"">Saat ini PT VIRAMA KARYA (Persero) kembali membuka lowongan kerja terbaru pada bulan Desember 2020. Adapun dibawah ini adalah posisi jabatan yang saat ini tersedia bagi Anda para pencari kerja yang tertarik untuk mengembangkan karir Anda bersama PT VIRAMA KARYA (Persero) dengan kualifikasi sebagai berikut.</p>
<hr/>
<h5>1. Staff Manajemen Risiko (MRI)</h5>
<p>Kualifikasi</p>
<ol>
<li>Usia maks. 35 tahun</li>
<li>Pendidikan min. S1 (S2 lebih diutamakan)</li>
<li>IPK min. 3.00</li>
<li>Pengalaman min. 3 tahun dibidang Operational Risk Management di perusahaan Infrastuktur</li>
<li>Sehat jasmani (Melampirkan Surat Keterangan Sehat)</li>
<li>Tidak memiliki catatan kriminal (melampirkan SKCK)</li>
</ol>
<hr/>
<p style=""text-align: center;"">Bagi Anda yang berminat, silahkan melakukan pendaftaran secara online:</p>
<p style=""text-align: center;""><a class=""button"" href=""https://docs.google.com/forms/d/e/1FAIpQLSc_aPrCSUc2gGHninwQ7iHl7Eyyx-DzBdFISDS_rWLG5fZGbA/viewform"" rel=""noopener noreferrer"" style=""vertical-align: middle;"" target=""_blank""><button>Apply </button></a></p>
<p style=""text-align: center;"">Deadline 15 Januari 2021</p>
 "
5,PT Darma Henwa Tbk,['Administrator Training & Recruitment'],"[[['', 'Bachelor degree in psychology / industrial engineering is preferred', 'Having at least 2 years experience in the same position', 'Male, maximum 35 years', 'Having excellence experience administrative HR, HR Management, Recruitment & selection, competency based HRM HSE procedure, HRD Procedure.', 'Have TOT certification is preferred', 'Able to work with deadline', 'Have good communication', 'Attention with detail', 'Only qualified candidates will be processed', 'Willing to be placed on job site PT Darma Henwa Tbk', ''], []]]","[['Job description', 'Qualifications:']]",E:/Belajar/www.disnakerja.com/images/PT Darma Henwa Tbk.jpg,"['If you interested to fill these positions, please send your CV to:', 'recruitment@ptdh.co.id / Fransisca.Margaretha@ptdh.co.id with the subject as proposed position before 10th Januari 2021']","December 28, 2020",https://www.disnakerja.com/job/lowongan-kerja-pt-darma-henwa-tbk-2/,"
<p style=""text-align: justify;"">PT Darma Henwa Tbk didirikan sebagai perusahaan berstatus Penanaman Modal Dalam Negeri (PMDN) dengan nama PT Darma Henwa berdasarkan Undang-Undang Republik Indonesia dengan Akta No. 54, tanggal 8 Oktober 1991. Pada bulan Juli 1996, Perusahaan mengubah statusnya dari PMDN menjadi perusahaan Penanaman Modal Asing (PMA) dengan masuknya Henry Walker Group Limited sebagai pemegang saham terbesar Perseroan. Pada bulan Januari 2005, Perseroan mengubah namanya menjadi PT HWE Indonesia dan pada bulan September 2006 berubah lagi namanya menjadi PT Darma Henwa Tbk. Di tahun 2007, Perseroan menjadi perusahaan public dengan nama PT Darma Henwa Tbk dengan mencatatkan 3.150.000.000 (tiga miliar seratus lima puluh juta) saham biasa di Bursa Efek Indonesia dengan kode saham DEWA.</p>
<p style=""text-align: justify;"">Kegiatan utama Perseroan saat ini adalah bergerak dalam bidang jasa kontraktor pertambangan, jasa penambangan umum, pemeliharaan dan perawatan peralatan</p>
<p style=""text-align: justify;"">Saat ini PT Darma Henwa Tbk kembali membuka lowongan kerja terbaru pada bulan Desember 2020. Adapun dibawah ini adalah posisi jabatan yang saat ini tersedia bagi Anda para pencari kerja yang tertarik untuk mengembangkan karir Anda bersama PT Darma Henwa Tbk  dengan kualifikasi sebagai berikut.</p>

<h5>Administrator Training &amp; Recruitment</h5>
<p>Job description</p>
<p>Manage, facilitate, control and report training &amp; development activities based on user needs and applicable competency standards as well as ensure that employee competency improvement in projects is in accordance with the needs and departmental work plans in the project according to predetermined criteria</p>
<p>Qualifications:</p>
<ol>
<li>Bachelor degree in psychology / industrial engineering is preferred</li>
<li>Having at least 2 years experience in the same position</li>
<li>Male, maximum 35 years</li>
<li>Having excellence experience administrative HR, HR Management, Recruitment &amp; selection, competency based HRM HSE procedure, HRD Procedure.</li>
<li>Have TOT certification is preferred</li>
<li>Able to work with deadline</li>
<li>Have good communication</li>
<li>Attention with detail</li>
<li>Only qualified candidates will be processed</li>
<li>Willing to be placed on job site PT Darma Henwa Tbk</li>
</ol>
<hr/>
<p style=""text-align: center;"">If you interested to fill these positions, please send your CV to:</p>
<p style=""text-align: center;"">recruitment@ptdh.co.id / Fransisca.Margaretha@ptdh.co.id with the subject as proposed position before 10th Januari 2021</p>
 "
6,PT Mass Rapid Transit Jakarta (MRT Jakarta),['Corporate & Commercial Legal Specialist'],"[[['', 'Melakukan pengurusan administrasi korporasi, inventarisir sekaligus menyiapkan seluruh dokumen legalitas Perseroan yang dibutuhkan termasuk namun tidak terbatas pada Penyelenggaraan RUPS Tahunan ataupun RUPS Luar Biasa;', 'Monitoring termasuk menyiapkan dan melakukan pengurusan seluruh izin korporasi;', 'Melakukan review terhadap berbagai dokumen perusahaan termasuk namun tidak terbatas pada berbagai jenis Perikatan dan/atau Perjanjian dengan Pihak Ketiga serta Kontrak Pengadaan Barang/Jasa;', 'Membantu persiapan pendirian anak usaha PT MRT Jakarta (Perseroda) terkait dengan izin-izin yang diperlukan;', 'Melakukan support dalam koordinasi penanganan perkara terkait dengan sengketa perusahaan baik yang bersifat litigasi maupun non litigasi;', 'Menangani kajian dan studi pustaka terkait dengan aspek hukum dalam Direktorat Utama, Direktorat Keuangan dan', 'Manajemen Korporasi serta Direktorat Pengembangan Bisnis untuk aksi korporasi, perikatan-perikatan dengan Pemerintah, kegiatan bisnis dan operasional perusahaan;', 'Memberikan masukkan terkait dengan tindakan yang menyimpang dari standar hukum sesuai ketentuan peraturan perundang-undangan yang berlaku.', ''], ['', 'Pendidikan S1 dari Jurusan Hukum.', 'Memiliki pengalaman kerja 2-6 tahun di bidang Legal, khususnya di bidang Corporate Legal, Contractual, dan Case Handling.', 'Mampu melakukan perencanaan, penyelesaian masalah, negosiasi dengan pihak internal dan eskternal, dan mampu berorganisasi dengan efektif.', 'Memiliki kemampuan leadership, teamwork, dan kemampuan komunikasi yang baik.', 'Aktif berbahasa Inggris', ''], ['', 'Gaji Pokok + Tunjangan', 'BPJS Kesehatan dan BPJS Ketenagakerjaan', 'Asuransi Kesehatan', 'Asuransi Kecelakaan Kerja', 'Pelatihan & Pengembangan Diri', '']]]","[['Deskripsi Pekerjaan', 'Kualifikasi', '']]",E:/Belajar/www.disnakerja.com/images/PT Mass Rapid Transit Jakarta (MRT Jakarta).jpg,"['Bagi Anda yang berminat, silahkan melakukan pendaftaran secara online:', 'Apply ', 'https://career10.successfactors.com/career?career%5fns=job%5flisting&company=ptmassrapi&navBarLevel=JOB%5fSEARCH&rcm%5fsite%5flocale=en%5fGB&career_job_req_id=1101&selected_lang=en_GB&jobAlertController_jobAlertId=&jobAlertController_jobAlertName=&_s.crb=PGrZcR8B6rMoepWEbog0HWu6wVPmCaMBZZ7UArRO7ew%3d']","December 28, 2020",https://www.disnakerja.com/job/lowongan-kerja-pt-mass-rapid-transit-jakarta-mrt-jakarta/,"
<p style=""text-align: justify;"">Jakarta adalah ibu kota Indonesia dengan penduduk sebanyak 10 juta jiwa. Diperkirakan bahwa lebih dari empat juta penduduk di daerah sekitar Jabodetabek menempuh perjalanan ke dan dari kota setiap hari kerja. Masalah transportasi semakin mulai menarik perhatian politik dan telah diprediksikan bahwa tanpa terobosan transportasi utama, kemacetan akan membanjiri kota dan akan menjadi kemacetan lalu lintas yang sangat parah sehingga kendaraan tidak bisa bergerak bahkan pada saat baru keluar dari garasi rumah pada tahun 2020.</p>
<p style=""text-align: justify;"">Sejak tahun 1980 lebih dari dua puluh lima studi subjek umum dan khusus telah dilakukan terkait dengan kemungkinan sistem Mass Rapid Transit (MRT) di Jakarta. Salah satu alasan utama yang menunda penanggulangan masalah ini adalah krisis ekonomi dan politik 1997-1999. Sebelum krisis, sebuah Build-Operate-Transfer (BOT) yang dianggap sebagai bagian dari MRT baru melibatan sektor swasta. Setelah krisis, rencana mengandalkan BOT untuk menyediakan pembiayaan terbukti tidak layak dan proyek MRT kembali diusulkan sebagai skema yang didanai pemerintah.</p>
<p style=""text-align: justify;"">Saat ini PT MRT Jakarta kembali membuka lowongan kerja terbaru pada bulan Desember 2020. Adapun dibawah ini adalah posisi jabatan yang saat ini tersedia bagi Anda para pencari kerja yang tertarik untuk mengembangkan karir Anda bersama PT MRT Jakarta dengan kualifikasi sebagai berikut.</p>
<h4 style=""text-align: center;"">Lowongan Kerja PT MRT Jakarta</h4>
<hr/>
<h5>Corporate &amp; Commercial Legal Specialist</h5>
<p>Deskripsi Pekerjaan</p>
<ol>
<li>Melakukan pengurusan administrasi korporasi, inventarisir sekaligus menyiapkan seluruh dokumen legalitas Perseroan yang dibutuhkan termasuk namun tidak terbatas pada Penyelenggaraan RUPS Tahunan ataupun RUPS Luar Biasa;</li>
<li>Monitoring termasuk menyiapkan dan melakukan pengurusan seluruh izin korporasi;</li>
<li>Melakukan review terhadap berbagai dokumen perusahaan termasuk namun tidak terbatas pada berbagai jenis Perikatan dan/atau Perjanjian dengan Pihak Ketiga serta Kontrak Pengadaan Barang/Jasa;</li>
<li>Membantu persiapan pendirian anak usaha PT MRT Jakarta (Perseroda) terkait dengan izin-izin yang diperlukan;</li>
<li>Melakukan support dalam koordinasi penanganan perkara terkait dengan sengketa perusahaan baik yang bersifat litigasi maupun non litigasi;</li>
<li>Menangani kajian dan studi pustaka terkait dengan aspek hukum dalam Direktorat Utama, Direktorat Keuangan dan</li>
<li>Manajemen Korporasi serta Direktorat Pengembangan Bisnis untuk aksi korporasi, perikatan-perikatan dengan Pemerintah, kegiatan bisnis dan operasional perusahaan;</li>
<li>Memberikan masukkan terkait dengan tindakan yang menyimpang dari standar hukum sesuai ketentuan peraturan perundang-undangan yang berlaku.</li>
</ol>
<p>Kualifikasi</p>
<ol>
<li>Pendidikan S1 dari Jurusan Hukum.</li>
<li>Memiliki pengalaman kerja 2-6 tahun di bidang Legal, khususnya di bidang Corporate Legal, Contractual, dan Case Handling.</li>
<li>Mampu melakukan perencanaan, penyelesaian masalah, negosiasi dengan pihak internal dan eskternal, dan mampu berorganisasi dengan efektif.</li>
<li>Memiliki kemampuan leadership, teamwork, dan kemampuan komunikasi yang baik.</li>
<li>Aktif berbahasa Inggris</li>
</ol>
<p>Remunerasi (Untuk Kontrak 1 Tahun Pertama)</p>
<ul>
<li>Gaji Pokok + Tunjangan</li>
<li>BPJS Kesehatan dan BPJS Ketenagakerjaan</li>
<li>Asuransi Kesehatan</li>
<li>Asuransi Kecelakaan Kerja</li>
<li>Pelatihan &amp; Pengembangan Diri</li>
</ul>
<hr/>
<p style=""text-align: center;"">Bagi Anda yang berminat, silahkan melakukan pendaftaran secara online:</p>
<p style=""text-align: center;""><a class=""button"" href=""https://career10.successfactors.com/career?career%5fns=job%5flisting&amp;company=ptmassrapi&amp;navBarLevel=JOB%5fSEARCH&amp;rcm%5fsite%5flocale=en%5fGB&amp;career_job_req_id=1101&amp;selected_lang=en_GB&amp;jobAlertController_jobAlertId=&amp;jobAlertController_jobAlertName=&amp;_s.crb=PGrZcR8B6rMoepWEbog0HWu6wVPmCaMBZZ7UArRO7ew%3d"" rel=""noopener noreferrer"" style=""vertical-align: middle;"" target=""_blank""><button>Apply </button></a></p>
 "
7,IKEA Indonesia,"['1. Replenishment Range Specialist', '2. Service Fulfilment Operations Manager', '3. Contry Graphic Designer Leader', '4. Country Graphic Design Specialist', '5. Sales & Supply Support Specialist', '6. Ikea Food Manager', '7. Customer Relations Manager', '8. Communication & Interior Design Manager', '9. Interior Design Manager', '10. Visual Merchandising/Activity Manager', '11. Graphic Communication Leader', '12. Safety & Security Manager', '13. Graphic Communication Internship', '14. Visual Merchandise/Activity Internship', '15. Interior Design Internship', '16. Sales Manager']","[[['', 'Experienced in retailing and/or in home furnishing and life at home.', 'University degree (Logistics, Economics, Business Administration or related) or 1-2 years’ experience in the area of expertise.', 'Retail/home furnishing/supply chain/customer service experience and interest.', 'Collaborative mind-set: good in building relationships within the organisation with ability to influence others within the own area of expertise by using communication skills.', 'Experience in problem solving and improving ways of working.', 'Attention to quality with ability to complete the work according to procedures and quality standards in timely manner.', 'High organisational skills and ability to work in a structured way.', 'End-to-end orientation: ability to apply analytical process oriented thinking when acting and propose solutions.', 'Proven analytical and numeric skills and ability to identify required actions.', 'Ability to respond to business and customer needs by providing effective solutions within the area of expertise.', 'Confident and clear communication on English both written and verbal.', 'Excellent computer skills and high proficiency on Microsoft Office.', 'Deadline 31 December 2020', '']], [['', 'University degree (Economics, Logistics, Supply Chain Management) or proven performance in logistics/commercial/supply chain management.', '4-6 years working experience in a management position (preferable in distribution, retail, logistics or similar).', 'Proven successful leadership in a big organisation, delivering both business result and people development.', 'Retail/home furnishing/supply chain/customer service experience and interest.', 'Experience of working as a management team member with proven ability to make a difference by positively influencing the business directly as well as through good collaboration.', 'Knowledge of labour laws and third-party relations (unions, external service providers etc.)', 'Experience in securing the implementation of mid-term and long-term strategies and plans and set/follow up goals.', 'Proven ability to influence in a matrix organisation.', 'Successfully lead projects or processes on country/market/national level.', 'Good coaching and/or mentor, advisory and facilitation skills, conflict management skills and problem-solving experience.', 'Fluent in English written and verbal.', 'Deadline 31 December 2020', '']], [['', 'Education and experience gained in graphic communication design, media and typography.', 'Proven success in managing, inspiring, leading and developing people and creative processes within IKEA organisations.', 'Experienced in visually expressing the IKEA identity.', 'Creative and commercial visual competence, including a keen eye for aesthetics.', 'Proven customer-focused mindset.', 'Clear communication and coaching skills, i.e. the ability to explain concepts verbally and visual interpretation.', 'Set and implement action plans over a number of years, set expectations, provide clear direction and follow up goals.', 'Proven ability to prioritise and organise work and the work of others in order to make the most efficient use of time available and meet agreed goals and deadlines.', 'Communicate confidently and clearly in English.', 'Experienced in problem solving.', 'Computer proficient with knowledge and experience of using graphic design software (Adobe Creative Suite) and production tools.', 'Deadline 31 December 2020', '']], [['', 'You have broad knowledge of best practices for creating, publishing and editing content from a customer point of view as well as of how to structure and present information in all touchpoints.', 'Proven ability of defining, planning, creating, executing and following up on range presentation documentation in a relevant, simple and inspiring way with IKEA tone of voice and visual identity as well as of trends that influence home furnishing, retail design and communication to gain insight to a more appealing product presentation for customers as well as of graphic design.', 'You have broad knowledge of IKEA concept, brand objectives, values and vision, IKEA tools, processes and cycles.', 'Have broad knowledge of the IKEA multichannel reality and online customer behavior.', 'Deep knowledge of customer behavior and life at home.', 'Capability to translate abstract concepts into graphic representations as well as ability to create innovative retail and home furnishing designs based on concept and marketing objective.', 'Proven experience of independent work with proven successes of the solution implemented.', 'Proven capability of working cross-functional collaboration.', 'Knowledge of trends that influence home furnishing, retail design and communication.', 'Creative and commercial visual competence with a keen eye for aesthetics.', 'Demonstrate clear communication skills, i.e. the ability to explain verbally concepts and visual interpretation.', 'Computer proficient with the knowledge and experience of using relevant software.', 'Communicate confidently and clearly in English.', 'Deadline 31 December 2020', '']], [['', 'Experience of working in a fast-paced retail or logistics environment, and interest in retailing and/or home furnishing.', 'Skilled in retail and/or logistics processes, tools and working methods.', 'Experienced in following action plans/working methods through guidance from managers.', 'Self-reliant and motivated with a proven ability to work as part of a team as well as independently.', 'Skilled in supporting an efficient and cost-effective commercial performance.', 'Show potential in applying tactical and operational thinking.', 'Proven record of meeting goals and deadlines and the ability to follow up on set goals.', 'Show the potential to influence in a matrix organisation.', 'Ability to reflect and find value and ideas in collaborating with others, and to inspire and engage others.', 'Experience of problem-solving.', 'High analytical skills and good numerical skills.', 'Willing to work on shifting schedule and have the ability to work during early and late hours of the day.', 'Ability to communicate confidently and clearly in English.', 'Willing to work at Alam Sutera, Tangerang.', 'Deadline 31 December 2020', '']], [['', 'Extensive and advanced experience of successful commercial, retail management or the role of multi-unit food service manager with proven leadership abilities and strong track-record of managing managers, including management competence.', 'Successful experience of managing a large team in a high-volume retail.', 'Interested in people’s everyday life at home and in home furnishings, food service industry and want to learn about local food culture.', 'Ability to provide clear direction, experience of creating and implementing action plans, setting budgets and meeting and following up on goals.', 'Ability to manage a high-volume and vibrant retail environment and develop people to excellence in performance.', 'Ability to lead change and make things happen. Takes responsibility and can delegate when necessary.', 'Ability to organize, plan and prioritize. Decision-making, problem-solving ability, and tactical thinker.', 'Communicates well with others and able to influence and cooperate with different functions.', 'English communication skills.', 'MS Office literate.', 'Based in Jakarta Garden City, Jakarta Timur.', 'Able to work on shifts during store operations hours, weekends and Public Holidays', 'Deadline 31 December 2020', '']], [['', 'Management experience producing solid results leading a larger team.', 'Proven experience of being a valuable contributor to customer satisfaction and business unit result.', 'Experience with working in a multi-channel environment', 'Business-minded and results-driven with a customer focus.', 'Ability to make quick decisions and take personal initiatives.', 'Good communication, negotiation and influencing skills.', 'Able to work in both a strategic and operational level', 'Able to find solutions for customer and operational issues', 'Ability to prioritize and organize work and the work of others in order to make the most efficient use of the time available.', 'Based in Jakarta Garden City, Jakarta Timur.', 'Able to work on shifts during store operating hours, weekends and public holidays', 'Deadline 31 December 2020', '']], [['', 'Possess a design-based education and/or extensive experience of working in a design-orientated role (interior design, graphic design, visual merchandising and/or store planning).', 'Home furnishing the IKEA way (living situations, style groups, store communication, furnish with light).', 'Understand life at home in the local market and the outcome of market research, e.g. IKEA Customer Satisfaction Survey, IKEA Brand Capital.', 'Range presentation the IKEA way (layout as a commercial tool, store media, display techniques).', 'Experienced in managing, inspiring, leading and developing people and creative processes in a changing environment.', 'Good analytical and strategic skills, including the ability to steer the store business over the short-, mid- and long term.', 'Experienced in visually expressing the brand identity of a company.', 'Visual competence, including a keen eye for aesthetics and proven customer-focused mindset.', 'Demonstrate clear communication and coaching skills, i.e. the ability to explain verbally concepts and visual interpretation.', 'Set and implement action plans, set expectations, provide clear direction and follow up goals.', 'Proven ability to prioritise and organise work and the work of others in order to make the most efficient use of time available and', 'meet agreed goals and deadlines.', 'Communicate confidently and clearly in English.', 'Experience of problem solving.', 'Willing to work at Jakarta Garden City, Jakarta Timur.', 'Willing to work on shifting schedule, including Saturday, Sunday, and Public Holidays', 'Deadline 31 December 2020', '']], [['', 'Significant experience of working as an interior designer.', 'Possess an interior design-based education.', 'Proven success in leading creative processes and creating a trustful environment.', 'Visual competence with a keen eye for aesthetics.', 'A passion for home furnishing, design and how people live at home.', 'Experience of working in a fast retail environment.', 'Proven customer-focused mindset.', 'Demonstrate clear communication skills, i.e. the ability to explain verbally concepts and visual interpretation.', 'Set and implement action plans, set expectations, provide clear direction and follow up goals.', 'Ability to prioritize and organize work and the work of others in order to make the most efficient use of time available and meet agreed goals and deadlines.', 'Good communication skills in English.', 'Experience of problem solving.', 'Computer proficient with knowledge and experience of using relevant software (e.g. AutoCAD).', 'Willing to work at Jakarta Garden City, Jakarta Timur.', 'Willing to work on shifting schedule, including Saturday, Sunday, and Public Holidays.', 'Deadline 31 December 2020', '']], [['', 'Significant experience of working as a visual merchandiser. Possess a design-based education.', 'Experience in managing and leading creative processes and coaching people.', 'Visual competence with a keen eye for aesthetics.', 'Passionate about home furnishing, design, and how people live at home.', 'Experience of working in a fast retail environment.', 'Customer-focused mind set.', 'Demonstrate clear communication skills, i.e. the ability to verbally explain concepts and visual interpretation.', 'Set and implement action plans, set expectations, provide clear direction and follow up goals.', 'Ability to prioritize and organize work and the work of others in order to make the most efficient use of time available and meet agreed goals and deadlines.', 'Good communication skills in English.', 'Experience of problem solving.', 'Willing to work at Jakarta Garden City, Jakarta Timur.', 'Willing to work on shifting schedule, including Saturday, Sunday, and Public Holidays.', 'Deadline 31 December 2020', '']], [['', 'Education and experience in graphic communication design, media and typography.', 'Experience of working with communication in a fast retail environment.', 'Experienced as a leader who can influence and lead others.', 'Experience of visually expressing a brand identity.', 'Commercial and visual competence with a keen eye for aesthetics.', 'Proven success in managing, inspiring, leading and developing people and creative processes.', 'Proven customer-focused mind-set.', 'Clear communication and coaching skills, i.e. the ability to explain concepts verbally and visual interpretation.', 'Set and implement action plans over a number of years, set expectations, provide clear direction and follow up goals.', 'Proven ability to prioritise and organise work and the work of others in order to make the most efficient use of available time and meet agreed goals and deadlines.', 'Communicate confidently and clearly in English, and experience of problem solving.', 'Computer proficient with knowledge and experience of using graphic design software (Adobe Creative Suite) and production tools.', 'Willing to work at Willing to work at Jakarta Garden City, Jakarta Timur.', 'Willing to work on shifting schedule, including Saturday, Sunday, and Public Holidays.', 'Deadline 31 December 2020', '']], [['', 'Interested in people’s everyday life at home and in home furnishings.', 'Enjoy working in a fast-paced and future-oriented environment.', 'Good working knowledge of all areas of IKEA business.', 'Strong management and leadership experience.', 'Experience of effectively manage change.', 'Knowledge of national and local legal requirements.', 'Self-reliant and motivated with proven ability to work as part of a team as well as independently.', 'Experience in setting and implementing long-term strategic plans, setting budgets and following up on goals.', 'Good social skills and open accessibility.', 'Able to react confidently to critical situations and act appropriately to minimise risks to people and the business.', 'Willing to work at Jakarta Garden City, Jakarta Timur.', 'Willing to work on shifting schedule, including Saturday, Sunday, and Public Holidays.', 'Deadline 31 December 2020', '']], [['', 'An education/experience in graphic communication design, media and typography.', 'Visual competence with a keen eye for aesthetics.', 'Customer-focused mindset.', 'Ability to explain concepts verbally and visual interpretation.', 'Ability to prioritise and organise own work to make the most efficient use of available time and meet agreed deadlines.', 'Ability to work in a fast-paced environment.', 'Enthusiastic about assignments and working with others in a team.', 'Good attention to details.', 'Practical hands-on approach to work, experience in printing production will be an advantage.', 'Basic communication skills in English, good verbal and written skills in country- (market-) specific language(s)', 'Computer proficient with knowledge and experience of using graphic design software (Adobe Creative Suite) and production', 'tools, e.g. printers, pre-press production and print techniques.', 'Willing to work at Alam Sutera, Tangerang.', 'Willing to work on Saturday, Sunday, and Public Holidays when needed.', 'Deadline 12 January 2021', '']], [['', 'Education/experienced in visual merchandising, design or art.', 'Creative thinking supported by commercial visual competence and a keen eye for aesthetics.', 'Computer proficient with knowledge and experience of using relevant software (e.g. AutoCad).', 'A deep passion, curiosity and understanding of home furnishing and people’s everyday life at home.', 'Have a flexible and hands-on approach to responsibilities as well as the ability to meet set deadlines.', 'Confident in approaching and communicating clearly with different people in various situations.', 'Good attention to details.', 'Basic communication skills in English.', 'Computer proficient with knowledge and experience of using relevant software (e.g. AutoCad, Revit).', 'Willing to work at Alam Sutera, Tangerang.', 'Willing to work on Saturday, Sunday, and Public Holidays when needed.', 'Deadline 12 January 2021', '']], [['', 'Education/experienced in interior design and architecture.', 'A passion for home furnishing, retailing, design and how people live at home.', 'Ability to combine commercial, aesthetic and practical skills.', 'Ability to generate, visualize and present new ideas.', 'Enthusiastic about assignments and working with others in a team.', 'Have a flexible and hands-on approach to responsibilities as well as the ability to meet set deadlines.', 'Confident in approaching and communicating clearly with different people in various situations.', 'Good attention to details.', 'Basic communication skills in English.', 'Computer proficient with knowledge and experience of using relevant software (e.g. AutoCad, Revit).', 'Deadline 12 January 2021', '']], [['', 'Experience of working in a fast-paced environment.', 'Experience of working in a customer-oriented (service or retail) industry.', 'Experience in leading large team.', 'Understanding how to create business in the IKEA multichannel retail environment.', 'Experience of taking commercial decisions based on local market information.', 'Experience of leading and developing people with good results.', 'Experience of setting and implementing action plans, budgets and following up goals.', 'Understand and actively use all IKEA manuals; build your competence based on the manuals.', 'Understand profit and loss and how to affect its result through departmental actions.', 'Business-minded and result-driven with a customer focus.', 'Skilled in creating a high commercial performance.', 'Understand the business plan process in the store.', 'Analytical and numerical skills.', 'Excellent verbal and written communication skills, both in local language and English.', 'Based in Jakarta Garden City, Jakarta Timur.', 'Able to work on shifts during store operating hours, weekends and public holidays.', 'Deadline 12 January 2021', '']]]","[['Qualification'], ['Qualification'], ['Qualification'], ['Qualification'], ['Qualification'], ['Qualification'], ['Qualification'], ['Qualification'], ['Qualification'], ['Qualification'], ['Qualification'], ['Qualification'], ['Qualification'], ['Qualification'], ['Qualification'], ['Qualification']]",E:/Belajar/www.disnakerja.com/images/IKEA Indonesia.jpg,"['Should you are interested to apply for this position, please send your resume to', 'recruitment_ikea@ikea.co.id', ', , , ,  ']","December 28, 2020",https://www.disnakerja.com/job/lowongan-kerja-ikea-indonesia/,"
<p style=""text-align: justify;"">IKEA adalah pengecer perabot rumah tangga terbesar di dunia. Kami membuka toko pertama kami di 2014 di Alam Sutera, Tangerang dan toko kedua di 2019 di Sentul City, Bogor. Rekan kerja kami telah berkembang hingga 194.000 rekan kerja di seluruh dunia. Budaya kita didasarkan pada semangat kebersamaan, antusiasme, dan kesenangan. Kami selalu mencari orang-orang yang berbagi sikap dan nilai-nilai positif kami</p>
<p style=""text-align: justify;"">Kami menawarkan kemungkinan karir dan pembelajaran yang luar biasa di IKEA. Rekan kerja kami didorong untuk mencoba peran yang berbeda, dan banyak perubahan antara fungsi dan negara beberapa kali dalam karier mereka. Anda dapat merancang jalur karier Anda sendiri sesuai dengan rencana pengembangan dan tujuan masa depan Anda.</p>
<p style=""text-align: justify;"">Saat ini IKEA Indonesia kembali membuka lowongan kerja terbaru pada bulan Desember 2020. Adapun dibawah ini adalah posisi jabatan yang saat ini tersedia bagi Anda para pencari kerja yang tertarik untuk mengembangkan karir Anda bersama IKEA Indonesia dengan kualifikasi sebagai berikut.</p>
<h4 style=""text-align: center;"">Lowongan Kerja IKEA Indonesia</h4>
<hr/>
<h5>1. Replenishment Range Specialist</h5>
<p>Qualification</p>
<ol>
<li>Experienced in retailing and/or in home furnishing and life at home.</li>
<li>University degree (Logistics, Economics, Business Administration or related) or 1-2 years’ experience in the area of expertise.</li>
<li>Retail/home furnishing/supply chain/customer service experience and interest.</li>
<li>Collaborative mind-set: good in building relationships within the organisation with ability to influence others within the own area of expertise by using communication skills.</li>
<li>Experience in problem solving and improving ways of working.</li>
<li>Attention to quality with ability to complete the work according to procedures and quality standards in timely manner.</li>
<li>High organisational skills and ability to work in a structured way.</li>
<li>End-to-end orientation: ability to apply analytical process oriented thinking when acting and propose solutions.</li>
<li>Proven analytical and numeric skills and ability to identify required actions.</li>
<li>Ability to respond to business and customer needs by providing effective solutions within the area of expertise.</li>
<li>Confident and clear communication on English both written and verbal.</li>
<li>Excellent computer skills and high proficiency on Microsoft Office.</li>
<li>Deadline 31 December 2020</li>
</ol>
<h5>2. Service Fulfilment Operations Manager</h5>
<p>Qualification</p>
<ol>
<li>University degree (Economics, Logistics, Supply Chain Management) or proven performance in logistics/commercial/supply chain management.</li>
<li>4-6 years working experience in a management position (preferable in distribution, retail, logistics or similar).</li>
<li>Proven successful leadership in a big organisation, delivering both business result and people development.</li>
<li>Retail/home furnishing/supply chain/customer service experience and interest.</li>
<li>Experience of working as a management team member with proven ability to make a difference by positively influencing the business directly as well as through good collaboration.</li>
<li>Knowledge of labour laws and third-party relations (unions, external service providers etc.)</li>
<li>Experience in securing the implementation of mid-term and long-term strategies and plans and set/follow up goals.</li>
<li>Proven ability to influence in a matrix organisation.</li>
<li>Successfully lead projects or processes on country/market/national level.</li>
<li>Good coaching and/or mentor, advisory and facilitation skills, conflict management skills and problem-solving experience.</li>
<li>Fluent in English written and verbal.</li>
<li>Deadline 31 December 2020</li>
</ol>
<h5>3. Contry Graphic Designer Leader</h5>
<p>Qualification</p>
<ol>
<li>Education and experience gained in graphic communication design, media and typography.</li>
<li>Proven success in managing, inspiring, leading and developing people and creative processes within IKEA organisations.</li>
<li>Experienced in visually expressing the IKEA identity.</li>
<li>Creative and commercial visual competence, including a keen eye for aesthetics.</li>
<li>Proven customer-focused mindset.</li>
<li>Clear communication and coaching skills, i.e. the ability to explain concepts verbally and visual interpretation.</li>
<li>Set and implement action plans over a number of years, set expectations, provide clear direction and follow up goals.</li>
<li>Proven ability to prioritise and organise work and the work of others in order to make the most efficient use of time available and meet agreed goals and deadlines.</li>
<li>Communicate confidently and clearly in English.</li>
<li>Experienced in problem solving.</li>
<li>Computer proficient with knowledge and experience of using graphic design software (Adobe Creative Suite) and production tools.</li>
<li>Deadline 31 December 2020</li>
</ol>
<h5>4. Country Graphic Design Specialist</h5>
<p>Qualification</p>
<ol>
<li>You have broad knowledge of best practices for creating, publishing and editing content from a customer point of view as well as of how to structure and present information in all touchpoints.</li>
<li>Proven ability of defining, planning, creating, executing and following up on range presentation documentation in a relevant, simple and inspiring way with IKEA tone of voice and visual identity as well as of trends that influence home furnishing, retail design and communication to gain insight to a more appealing product presentation for customers as well as of graphic design.</li>
<li>You have broad knowledge of IKEA concept, brand objectives, values and vision, IKEA tools, processes and cycles.</li>
<li>Have broad knowledge of the IKEA multichannel reality and online customer behavior.</li>
<li>Deep knowledge of customer behavior and life at home.</li>
<li>Capability to translate abstract concepts into graphic representations as well as ability to create innovative retail and home furnishing designs based on concept and marketing objective.</li>
<li>Proven experience of independent work with proven successes of the solution implemented.</li>
<li>Proven capability of working cross-functional collaboration.</li>
<li>Knowledge of trends that influence home furnishing, retail design and communication.</li>
<li>Creative and commercial visual competence with a keen eye for aesthetics.</li>
<li>Demonstrate clear communication skills, i.e. the ability to explain verbally concepts and visual interpretation.</li>
<li>Computer proficient with the knowledge and experience of using relevant software.</li>
<li>Communicate confidently and clearly in English.</li>
<li>Deadline 31 December 2020</li>
</ol>
<h5>5. Sales &amp; Supply Support Specialist</h5>
<p>Qualification</p>
<ol>
<li>Experience of working in a fast-paced retail or logistics environment, and interest in retailing and/or home furnishing.</li>
<li>Skilled in retail and/or logistics processes, tools and working methods.</li>
<li>Experienced in following action plans/working methods through guidance from managers.</li>
<li>Self-reliant and motivated with a proven ability to work as part of a team as well as independently.</li>
<li>Skilled in supporting an efficient and cost-effective commercial performance.</li>
<li>Show potential in applying tactical and operational thinking.</li>
<li>Proven record of meeting goals and deadlines and the ability to follow up on set goals.</li>
<li>Show the potential to influence in a matrix organisation.</li>
<li>Ability to reflect and find value and ideas in collaborating with others, and to inspire and engage others.</li>
<li>Experience of problem-solving.</li>
<li>High analytical skills and good numerical skills.</li>
<li>Willing to work on shifting schedule and have the ability to work during early and late hours of the day.</li>
<li>Ability to communicate confidently and clearly in English.</li>
<li>Willing to work at Alam Sutera, Tangerang.</li>
<li>Deadline 31 December 2020</li>
</ol>
<h5>6. Ikea Food Manager</h5>
<p>Qualification</p>
<ol>
<li>Extensive and advanced experience of successful commercial, retail management or the role of multi-unit food service manager with proven leadership abilities and strong track-record of managing managers, including management competence.</li>
<li>Successful experience of managing a large team in a high-volume retail.</li>
<li>Interested in people’s everyday life at home and in home furnishings, food service industry and want to learn about local food culture.</li>
<li>Ability to provide clear direction, experience of creating and implementing action plans, setting budgets and meeting and following up on goals.</li>
<li>Ability to manage a high-volume and vibrant retail environment and develop people to excellence in performance.</li>
<li>Ability to lead change and make things happen. Takes responsibility and can delegate when necessary.</li>
<li>Ability to organize, plan and prioritize. Decision-making, problem-solving ability, and tactical thinker.</li>
<li>Communicates well with others and able to influence and cooperate with different functions.</li>
<li>English communication skills.</li>
<li>MS Office literate.</li>
<li>Based in Jakarta Garden City, Jakarta Timur.</li>
<li>Able to work on shifts during store operations hours, weekends and Public Holidays</li>
<li>Deadline 31 December 2020</li>
</ol>
<h5>7. Customer Relations Manager</h5>
<p>Qualification</p>
<ol>
<li>Management experience producing solid results leading a larger team.</li>
<li>Proven experience of being a valuable contributor to customer satisfaction and business unit result.</li>
<li>Experience with working in a multi-channel environment</li>
<li>Business-minded and results-driven with a customer focus.</li>
<li>Ability to make quick decisions and take personal initiatives.</li>
<li>Good communication, negotiation and influencing skills.</li>
<li>Able to work in both a strategic and operational level</li>
<li>Able to find solutions for customer and operational issues</li>
<li>Ability to prioritize and organize work and the work of others in order to make the most efficient use of the time available.</li>
<li>Based in Jakarta Garden City, Jakarta Timur.</li>
<li>Able to work on shifts during store operating hours, weekends and public holidays</li>
<li>Deadline 31 December 2020</li>
</ol>
<h5>8. Communication &amp; Interior Design Manager</h5>
<p>Qualification</p>
<ol>
<li>Possess a design-based education and/or extensive experience of working in a design-orientated role (interior design, graphic design, visual merchandising and/or store planning).</li>
<li>Home furnishing the IKEA way (living situations, style groups, store communication, furnish with light).</li>
<li>Understand life at home in the local market and the outcome of market research, e.g. IKEA Customer Satisfaction Survey, IKEA Brand Capital.</li>
<li>Range presentation the IKEA way (layout as a commercial tool, store media, display techniques).</li>
<li>Experienced in managing, inspiring, leading and developing people and creative processes in a changing environment.</li>
<li>Good analytical and strategic skills, including the ability to steer the store business over the short-, mid- and long term.</li>
<li>Experienced in visually expressing the brand identity of a company.</li>
<li>Visual competence, including a keen eye for aesthetics and proven customer-focused mindset.</li>
<li>Demonstrate clear communication and coaching skills, i.e. the ability to explain verbally concepts and visual interpretation.</li>
<li>Set and implement action plans, set expectations, provide clear direction and follow up goals.</li>
<li>Proven ability to prioritise and organise work and the work of others in order to make the most efficient use of time available and</li>
<li>meet agreed goals and deadlines.</li>
<li>Communicate confidently and clearly in English.</li>
<li>Experience of problem solving.</li>
<li>Willing to work at Jakarta Garden City, Jakarta Timur.</li>
<li>Willing to work on shifting schedule, including Saturday, Sunday, and Public Holidays</li>
<li>Deadline 31 December 2020</li>
</ol>
<h5>9. Interior Design Manager</h5>
<p>Qualification</p>
<ol>
<li>Significant experience of working as an interior designer.</li>
<li>Possess an interior design-based education.</li>
<li>Proven success in leading creative processes and creating a trustful environment.</li>
<li>Visual competence with a keen eye for aesthetics.</li>
<li>A passion for home furnishing, design and how people live at home.</li>
<li>Experience of working in a fast retail environment.</li>
<li>Proven customer-focused mindset.</li>
<li>Demonstrate clear communication skills, i.e. the ability to explain verbally concepts and visual interpretation.</li>
<li>Set and implement action plans, set expectations, provide clear direction and follow up goals.</li>
<li>Ability to prioritize and organize work and the work of others in order to make the most efficient use of time available and meet agreed goals and deadlines.</li>
<li>Good communication skills in English.</li>
<li>Experience of problem solving.</li>
<li>Computer proficient with knowledge and experience of using relevant software (e.g. AutoCAD).</li>
<li>Willing to work at Jakarta Garden City, Jakarta Timur.</li>
<li>Willing to work on shifting schedule, including Saturday, Sunday, and Public Holidays.</li>
<li>Deadline 31 December 2020</li>
</ol>
<h5>10. Visual Merchandising/Activity Manager</h5>
<p>Qualification</p>
<ol>
<li>Significant experience of working as a visual merchandiser. Possess a design-based education.</li>
<li>Experience in managing and leading creative processes and coaching people.</li>
<li>Visual competence with a keen eye for aesthetics.</li>
<li>Passionate about home furnishing, design, and how people live at home.</li>
<li>Experience of working in a fast retail environment.</li>
<li>Customer-focused mind set.</li>
<li>Demonstrate clear communication skills, i.e. the ability to verbally explain concepts and visual interpretation.</li>
<li>Set and implement action plans, set expectations, provide clear direction and follow up goals.</li>
<li>Ability to prioritize and organize work and the work of others in order to make the most efficient use of time available and meet agreed goals and deadlines.</li>
<li>Good communication skills in English.</li>
<li>Experience of problem solving.</li>
<li>Willing to work at Jakarta Garden City, Jakarta Timur.</li>
<li>Willing to work on shifting schedule, including Saturday, Sunday, and Public Holidays.</li>
<li>Deadline 31 December 2020</li>
</ol>
<h5>11. Graphic Communication Leader</h5>
<p>Qualification</p>
<ol>
<li>Education and experience in graphic communication design, media and typography.</li>
<li>Experience of working with communication in a fast retail environment.</li>
<li>Experienced as a leader who can influence and lead others.</li>
<li>Experience of visually expressing a brand identity.</li>
<li>Commercial and visual competence with a keen eye for aesthetics.</li>
<li>Proven success in managing, inspiring, leading and developing people and creative processes.</li>
<li>Proven customer-focused mind-set.</li>
<li>Clear communication and coaching skills, i.e. the ability to explain concepts verbally and visual interpretation.</li>
<li>Set and implement action plans over a number of years, set expectations, provide clear direction and follow up goals.</li>
<li>Proven ability to prioritise and organise work and the work of others in order to make the most efficient use of available time and meet agreed goals and deadlines.</li>
<li>Communicate confidently and clearly in English, and experience of problem solving.</li>
<li>Computer proficient with knowledge and experience of using graphic design software (Adobe Creative Suite) and production tools.</li>
<li>Willing to work at Willing to work at Jakarta Garden City, Jakarta Timur.</li>
<li>Willing to work on shifting schedule, including Saturday, Sunday, and Public Holidays.</li>
<li>Deadline 31 December 2020</li>
</ol>
<h5>12. Safety &amp; Security Manager</h5>
<p>Qualification</p>
<ol>
<li>Interested in people’s everyday life at home and in home furnishings.</li>
<li>Enjoy working in a fast-paced and future-oriented environment.</li>
<li>Good working knowledge of all areas of IKEA business.</li>
<li>Strong management and leadership experience.</li>
<li>Experience of effectively manage change.</li>
<li>Knowledge of national and local legal requirements.</li>
<li>Self-reliant and motivated with proven ability to work as part of a team as well as independently.</li>
<li>Experience in setting and implementing long-term strategic plans, setting budgets and following up on goals.</li>
<li>Good social skills and open accessibility.</li>
<li>Able to react confidently to critical situations and act appropriately to minimise risks to people and the business.</li>
<li>Willing to work at Jakarta Garden City, Jakarta Timur.</li>
<li>Willing to work on shifting schedule, including Saturday, Sunday, and Public Holidays.</li>
<li>Deadline 31 December 2020</li>
</ol>
<h5>13. Graphic Communication Internship</h5>
<p>Qualification</p>
<ol>
<li>An education/experience in graphic communication design, media and typography.</li>
<li>Visual competence with a keen eye for aesthetics.</li>
<li>Customer-focused mindset.</li>
<li>Ability to explain concepts verbally and visual interpretation.</li>
<li>Ability to prioritise and organise own work to make the most efficient use of available time and meet agreed deadlines.</li>
<li>Ability to work in a fast-paced environment.</li>
<li>Enthusiastic about assignments and working with others in a team.</li>
<li>Good attention to details.</li>
<li>Practical hands-on approach to work, experience in printing production will be an advantage.</li>
<li>Basic communication skills in English, good verbal and written skills in country- (market-) specific language(s)</li>
<li>Computer proficient with knowledge and experience of using graphic design software (Adobe Creative Suite) and production</li>
<li>tools, e.g. printers, pre-press production and print techniques.</li>
<li>Willing to work at Alam Sutera, Tangerang.</li>
<li>Willing to work on Saturday, Sunday, and Public Holidays when needed.</li>
<li>Deadline 12 January 2021</li>
</ol>
<h5>14. Visual Merchandise/Activity Internship</h5>
<p>Qualification</p>
<ol>
<li>Education/experienced in visual merchandising, design or art.</li>
<li>Creative thinking supported by commercial visual competence and a keen eye for aesthetics.</li>
<li>Computer proficient with knowledge and experience of using relevant software (e.g. AutoCad).</li>
<li>A deep passion, curiosity and understanding of home furnishing and people’s everyday life at home.</li>
<li>Have a flexible and hands-on approach to responsibilities as well as the ability to meet set deadlines.</li>
<li>Confident in approaching and communicating clearly with different people in various situations.</li>
<li>Good attention to details.</li>
<li>Basic communication skills in English.</li>
<li>Computer proficient with knowledge and experience of using relevant software (e.g. AutoCad, Revit).</li>
<li>Willing to work at Alam Sutera, Tangerang.</li>
<li>Willing to work on Saturday, Sunday, and Public Holidays when needed.</li>
<li>Deadline 12 January 2021</li>
</ol>
<h5>15. Interior Design Internship</h5>
<p>Qualification</p>
<ol>
<li>Education/experienced in interior design and architecture.</li>
<li>A passion for home furnishing, retailing, design and how people live at home.</li>
<li>Ability to combine commercial, aesthetic and practical skills.</li>
<li>Ability to generate, visualize and present new ideas.</li>
<li>Enthusiastic about assignments and working with others in a team.</li>
<li>Have a flexible and hands-on approach to responsibilities as well as the ability to meet set deadlines.</li>
<li>Confident in approaching and communicating clearly with different people in various situations.</li>
<li>Good attention to details.</li>
<li>Basic communication skills in English.</li>
<li>Computer proficient with knowledge and experience of using relevant software (e.g. AutoCad, Revit).</li>
<li>Deadline 12 January 2021</li>
</ol>
<h5>16. Sales Manager</h5>
<p>Qualification</p>
<ol>
<li>Experience of working in a fast-paced environment.</li>
<li>Experience of working in a customer-oriented (service or retail) industry.</li>
<li>Experience in leading large team.</li>
<li>Understanding how to create business in the IKEA multichannel retail environment.</li>
<li>Experience of taking commercial decisions based on local market information.</li>
<li>Experience of leading and developing people with good results.</li>
<li>Experience of setting and implementing action plans, budgets and following up goals.</li>
<li>Understand and actively use all IKEA manuals; build your competence based on the manuals.</li>
<li>Understand profit and loss and how to affect its result through departmental actions.</li>
<li>Business-minded and result-driven with a customer focus.</li>
<li>Skilled in creating a high commercial performance.</li>
<li>Understand the business plan process in the store.</li>
<li>Analytical and numerical skills.</li>
<li>Excellent verbal and written communication skills, both in local language and English.</li>
<li>Based in Jakarta Garden City, Jakarta Timur.</li>
<li>Able to work on shifts during store operating hours, weekends and public holidays.</li>
<li>Deadline 12 January 2021</li>
</ol>
<hr/>
<p style=""text-align: center;"">Should you are interested to apply for this position, please send your resume to</p>
<p style=""text-align: center;"">recruitment_ikea@ikea.co.id</p>
<p style=""text-align: center;"">
<div class=""disna-after-content"" id=""disna-299217084""><script async="""" src=""//pagead2.googlesyndication.com/pagead/js/adsbygoogle.js""></script>
<ins class=""adsbygoogle"" data-ad-client=""ca-pub-6671348764828793"" data-ad-format=""auto"" data-ad-slot=""3872273236"" style=""display:block;""></ins>
<script> 
(adsbygoogle = window.adsbygoogle || []).push({}); 
</script>
</div> </p>"
8,PT Dian Swastatika Sentosa Tbk,['Mandarin Translatorsn & Interpreters'],"[[['', 'Minimum of bachelor’s degree in any field of engineering or chinese literature from reputable university with GPA>3.20', 'Min. 2 years of working experience or fresh graduate from university in China or Taiwan is welcome to apply', 'Candidate must have the capability in mandarin language — speaking, reading, and writing', 'Have good communication skiils in english is a plus', 'Initiative, self-discipline. fast learner, able to work independently and under pressure', 'Can join immediately (ASAP)', 'Location: Jakarta, Sumsel. Kendari and Kalteng', '']]]",[['Bequirements:']],E:/Belajar/www.disnakerja.com/images/PT Dian Swastatika Sentosa Tbk.jpg,"['Please apply now by sending your updated CV to:', 'recruitment@dsspower.co.id, Subject: Mandarin Translator & Interpreter – Preferred Location']","December 28, 2020",https://www.disnakerja.com/job/lowongan-kerja-pt-dian-swastatika-sentosa-tbk-2/,"
<p style=""text-align: justify;"">PT Dian Swastatika Sentosa Tbk (Perseroan) merupakan suatu perseroan terbatas yang didirikan berdasarkan Hukum Negara Republik Indonesia dan berdasarkan Akta Pendirian Perseroan Terbatas No. 6 tanggal 2 Agustus 1996. Perseroan berkedudukan di Jakarta Pusat, dengan kantor pusat di Sinar Mas Land Plaza, Menara 2, Lantai 27, Jl. M.H. Thamrin No. 51, Jakarta Pusat 10350, Indonesia. Sesuai Anggaran Dasar, saat ini Perseroan dan anak-anak perusahaan menjalankan kegiatan usaha utama di bidang penyediaan tenaga listrik, pertambangan dan perdagangan batubara, perdagangan besar serta multimedia dan infrastruktur di Indonesia. Melalui empat lini usahanya, Perseroan dan anak perusahaan menghasilkan produk dan jasa berupa tenaga listrik, batubara, pestisida, bahan kimia, layanan TV berbayar dan internet serta penyedia infratsruktur BTS.</p>
<p style=""text-align: justify;"">Saat ini PT Dian Swastatika Sentosa Tbk kembali membuka lowongan kerja terbaru pada bulan Desember 2020. Adapun dibawah ini adalah posisi jabatan yang saat ini tersedia bagi Anda para pencari kerja yang tertarik untuk mengembangkan karir Anda bersama PT Dian Swastatika Sentosa Tbk dengan kualifikasi sebagai berikut.</p>
<h4 style=""text-align: center;"">Lowongan Kerja PT Dian Swastatika Sentosa Tbk</h4>
<hr/>
<h5>Mandarin Translatorsn &amp; Interpreters</h5>
<p>Bequirements:</p>
<ol>
<li>Minimum of bachelor’s degree in any field of engineering or chinese literature from reputable university with GPA&gt;3.20</li>
<li>Min. 2 years of working experience or fresh graduate from university in China or Taiwan is welcome to apply</li>
<li>Candidate must have the capability in mandarin language — speaking, reading, and writing</li>
<li>Have good communication skiils in english is a plus</li>
<li>Initiative, self-discipline. fast learner, able to work independently and under pressure</li>
<li>Can join immediately (ASAP)</li>
<li>Location: Jakarta, Sumsel. Kendari and Kalteng</li>
</ol>
<hr/>
<p style=""text-align: center;"">Please apply now by sending your updated CV to:</p>
<p style=""text-align: center;"">recruitment@dsspower.co.id<br/>
Subject: Mandarin Translator &amp; Interpreter – Preferred Location</p>
 "
9,PT Bisma Aero Sejahtera,"['1. ADMINISTRATION', '2. AIRCRAFT TECHNICAL SUPPORT', '3. HELPER MECHANIC', '4. GROUND SUPPORT EQUIPMENT', '5. AIRCRAFT PAINTER', '6. OFFICE & BUILDING MAINTENANCE']","[[['', 'Vocational High School (SMK)/Diploma (D3) or equivalent (preferably majoring in Office Administration and Computer)', 'Maximum Age 25.', 'Excellent computer skills; proficiency with Microsoft Office.', 'Attention to detail and disciplined.', 'Can work on target', ''], ['', 'Diploma (D3) (preferably majoring in Secretary Administration or any related field).', 'Fresh graduates are welcome.', 'Maximum Age 25.', 'Excellent computer skills; proficiency with Microsoft Office.', 'Good communication skills.', 'Organisation, time management, and attention to detail skills.', ''], []], [['', 'Vocational High School (SMK) or equivalent', 'Maximum Age 30.', 'Minimum 1 year experience in a related field.', 'Excellent computer skills; proficiency with Microsoft Office.', 'Strong communication skills', ''], ['', 'Vocational High School (SMK) or equivalent.', 'Maximum Age 30.', 'Minimum 1 year experience in a related field.', 'Excellent computer skills; proficiency with Microsoft Office.', 'Responsible for every job done.', ''], ['', 'Vocational High School (SMK) or equivalent.', 'Maximum Age 30.', 'Excellent computer skills; proficiency with Microsoft Office.', 'Responsible for every job done.', ''], []], [['', 'Vocational High School (SMK)/Diploma (D3) or equivalent (preferably majoring in Aviationics or Electronic).', 'Maximum Age 30.', 'Preferably certified in a related field.', 'Extensive knowledge about electricity in aircraft and other electronic components.', 'High analytical skills and attention to detail.', ''], ['', 'Vocational High School (SMK) or equivalent (preferably majoring in Aviation, Airframe, or Forming Assembling).', 'Maximum Age 30.', 'Preferably certified in a related field.', 'Extensive knowledge about aircraft and it’s component forming and assembling process.', 'High analytical skills and attention to detail.', ''], ['', 'Vocational High School (SMK) or equivalent (preferably majoring in Aviation or Airframe).', 'Maximum Age 30.', 'Preferably certified in a related field.', 'Extensive knowledge about Airframe.', 'High analytical skills and attention to detail.', ''], []], [['', 'Vocational High School (SMK) or equivalent (preferably majoring in Engineering or Electrical Engineering).', 'Maximum Age 35.', 'Minimum 1 year experience in a related field.', ''], ['', 'Vocational High School (SMK) or equivalent.', 'Maximum Age 30.', 'Minimum 1 year experience in a related field.', 'Experience using a variety of welding equipment and procedures', 'Ability to read and interpret technical documents and drawings', ''], ['', 'Vocational High School (SMK) or equivalent (preferably majoring in Electrical Engineering)', 'Maximum Age 35.', 'Minimum 1 year experience in a related field.', 'Preferably certified in a related field', 'Attention to detail and high analytical skill.', ''], []], [['', 'Diploma (D3)/Vocational High School (SMK) or equivalent.', 'Maximum Age 40.', 'Minimum of 10-15 years experience in a related field.', 'Have extensive knowledge and expertise in aircraft painting', 'Expertise in reading and interpreting technical documents and drawings such as blueprint, manual book, and Material Safety', 'Data Sheet (MSDS).', 'Not allergic to any aircraft painting chemicals.', 'Require normal color vision.', ''], ['', 'Diploma (D3)/Vocational High School (SMK) or equivalent.', 'Maximum Age 30.', 'Minimum of 5-10 years experience in a related field.', 'Have knowledge of aircraft painting processes and procedures.', 'Have knowledge of how to interpret blueprints, read manuals, and Material Safety Data Sheet (MSDS).', 'Not allergic to any aircraft painting chemicals.', 'Require normal color vision', ''], ['', 'Diploma (D3)/Vocational High School (SMK) or equivalent.', 'Maximum Age 30.', 'Have knowledge of aircraft painting processes and procedures is a plus.', 'Not allergic to any aircraft painting chemicals.', 'Require normal color vision.', 'Positive attitude and work ethic.', ''], []], [['', 'High School (SMA)/Vocational High School (SMK) or equivalent.', 'Maximum age 30.', 'Good attitude and appearance.', 'Should be honest and trustworthy.', ''], ['', 'High School (SMA)/Vocational High School (SMK) or equivalent.', 'Maximum age 30.', 'Good attitude and appearance.', 'Should be honest and trustworthy.', ''], []]]","[['– Data Entry', 'Qualifications', '– Secretary', 'Qualifications'], ['– Material Handling', 'Qualifications', '– Tool Store Keeper', 'Qualifications', '– Helper Store Keeper', 'Qualifications'], ['– Electrician/Avionic', 'Qualifications', '– Structure', 'Qualifications', '– Air Frame', 'Qualifications'], ['– Technician PCHS', 'Qualifications', '– Welder Technician', 'Qualifications', '– IGT Expert Production', 'Qualifications'], ['– Expert Painter', 'Qualifications', '– Painter', 'Qualifications', '– Helper Painter', 'Qualifications'], ['– Office Boy', 'Qualifications', '– Office Girl', 'Qualifications', 'Penempatan Tangerang']]",E:/Belajar/www.disnakerja.com/images/PT Bisma Aero Sejahtera.jpg,"['Bagi Anda yang berminat, silahkan melakukan pendaftaran secara online:', 'Apply ', 'https://bismaaerosejahtera.co.id/karir/']","December 28, 2020",https://www.disnakerja.com/job/lowongan-kerja-pt-bisma-aero-sejahtera/,"
<p style=""text-align: justify;"">PT BAS adalah perusahaan terkemuka dalam bisnis penyediaan layanan dan solusi untuk berbagai industri.<br/>
Kami memahami bahwa industri tertentu memiliki kebutuhan bisnisnya sendiri, oleh karena itu kami mengatur tim kami yang berdedikasi ke dalam segmen industri tertentu untuk memberikan layanan terbaik dan paling relevan kepada klien kami.</p>
<p style=""text-align: justify;"">Saat ini PT Bisma Aero Sejahtera kembali membuka lowongan kerja terbaru pada bulan Desember 2020. Adapun dibawah ini adalah posisi jabatan yang saat ini tersedia bagi Anda para pencari kerja yang tertarik untuk mengembangkan karir Anda bersama PT Bisma Aero Sejahtera dengan kualifikasi sebagai berikut.</p>
<hr/>
<h5>1. ADMINISTRATION</h5>
<p>– Data Entry</p>
<p>Qualifications</p>
<ol>
<li>Vocational High School (SMK)/Diploma (D3) or equivalent (preferably majoring in Office Administration and Computer)</li>
<li>Maximum Age 25.</li>
<li>Excellent computer skills; proficiency with Microsoft Office.</li>
<li>Attention to detail and disciplined.</li>
<li>Can work on target</li>
</ol>
<p>– Secretary</p>
<p>Qualifications</p>
<ol>
<li>Diploma (D3) (preferably majoring in Secretary Administration or any related field).</li>
<li>Fresh graduates are welcome.</li>
<li>Maximum Age 25.</li>
<li>Excellent computer skills; proficiency with Microsoft Office.</li>
<li>Good communication skills.</li>
<li>Organisation, time management, and attention to detail skills.</li>
</ol>
<h5>2. AIRCRAFT TECHNICAL SUPPORT</h5>
<p>– Material Handling</p>
<p>Qualifications</p>
<ol>
<li>Vocational High School (SMK) or equivalent</li>
<li>Maximum Age 30.</li>
<li>Minimum 1 year experience in a related field.</li>
<li>Excellent computer skills; proficiency with Microsoft Office.</li>
<li>Strong communication skills</li>
</ol>
<p>– Tool Store Keeper</p>
<p>Qualifications</p>
<ol>
<li>Vocational High School (SMK) or equivalent.</li>
<li>Maximum Age 30.</li>
<li>Minimum 1 year experience in a related field.</li>
<li>Excellent computer skills; proficiency with Microsoft Office.</li>
<li>Responsible for every job done.</li>
</ol>
<p>– Helper Store Keeper</p>
<p>Qualifications</p>
<ol>
<li>Vocational High School (SMK) or equivalent.</li>
<li>Maximum Age 30.</li>
<li>Excellent computer skills; proficiency with Microsoft Office.</li>
<li>Responsible for every job done.</li>
</ol>
<h5>3. HELPER MECHANIC</h5>
<p>– Electrician/Avionic</p>
<p>Qualifications</p>
<ol>
<li>Vocational High School (SMK)/Diploma (D3) or equivalent (preferably majoring in Aviationics or Electronic).</li>
<li>Maximum Age 30.</li>
<li>Preferably certified in a related field.</li>
<li>Extensive knowledge about electricity in aircraft and other electronic components.</li>
<li>High analytical skills and attention to detail.</li>
</ol>
<p>– Structure</p>
<p>Qualifications</p>
<ol>
<li>Vocational High School (SMK) or equivalent (preferably majoring in Aviation, Airframe, or Forming Assembling).</li>
<li>Maximum Age 30.</li>
<li>Preferably certified in a related field.</li>
<li>Extensive knowledge about aircraft and it’s component forming and assembling process.</li>
<li>High analytical skills and attention to detail.</li>
</ol>
<p>– Air Frame</p>
<p>Qualifications</p>
<ol>
<li>Vocational High School (SMK) or equivalent (preferably majoring in Aviation or Airframe).</li>
<li>Maximum Age 30.</li>
<li>Preferably certified in a related field.</li>
<li>Extensive knowledge about Airframe.</li>
<li>High analytical skills and attention to detail.</li>
</ol>
<h5>4. GROUND SUPPORT EQUIPMENT</h5>
<p>– Technician PCHS</p>
<p>Qualifications</p>
<ol>
<li>Vocational High School (SMK) or equivalent (preferably majoring in Engineering or Electrical Engineering).</li>
<li>Maximum Age 35.</li>
<li>Minimum 1 year experience in a related field.</li>
</ol>
<p>– Welder Technician</p>
<p>Qualifications</p>
<ol>
<li>Vocational High School (SMK) or equivalent.</li>
<li>Maximum Age 30.</li>
<li>Minimum 1 year experience in a related field.</li>
<li>Experience using a variety of welding equipment and procedures</li>
<li>Ability to read and interpret technical documents and drawings</li>
</ol>
<p>– IGT Expert Production</p>
<p>Qualifications</p>
<ol>
<li>Vocational High School (SMK) or equivalent (preferably majoring in Electrical Engineering)</li>
<li>Maximum Age 35.</li>
<li>Minimum 1 year experience in a related field.</li>
<li>Preferably certified in a related field</li>
<li>Attention to detail and high analytical skill.</li>
</ol>
<h5>5. AIRCRAFT PAINTER</h5>
<p>– Expert Painter</p>
<p>Qualifications</p>
<ol>
<li>Diploma (D3)/Vocational High School (SMK) or equivalent.</li>
<li>Maximum Age 40.</li>
<li>Minimum of 10-15 years experience in a related field.</li>
<li>Have extensive knowledge and expertise in aircraft painting</li>
<li>Expertise in reading and interpreting technical documents and drawings such as blueprint, manual book, and Material Safety</li>
<li>Data Sheet (MSDS).</li>
<li>Not allergic to any aircraft painting chemicals.</li>
<li>Require normal color vision.</li>
</ol>
<p>– Painter</p>
<p>Qualifications</p>
<ol>
<li>Diploma (D3)/Vocational High School (SMK) or equivalent.</li>
<li>Maximum Age 30.</li>
<li>Minimum of 5-10 years experience in a related field.</li>
<li>Have knowledge of aircraft painting processes and procedures.</li>
<li>Have knowledge of how to interpret blueprints, read manuals, and Material Safety Data Sheet (MSDS).</li>
<li>Not allergic to any aircraft painting chemicals.</li>
<li>Require normal color vision</li>
</ol>
<p>– Helper Painter</p>
<p>Qualifications</p>
<ol>
<li>Diploma (D3)/Vocational High School (SMK) or equivalent.</li>
<li>Maximum Age 30.</li>
<li>Have knowledge of aircraft painting processes and procedures is a plus.</li>
<li>Not allergic to any aircraft painting chemicals.</li>
<li>Require normal color vision.</li>
<li>Positive attitude and work ethic.</li>
</ol>
<h5>6. OFFICE &amp; BUILDING MAINTENANCE</h5>
<p>– Office Boy</p>
<p>Qualifications</p>
<ol>
<li>High School (SMA)/Vocational High School (SMK) or equivalent.</li>
<li>Maximum age 30.</li>
<li>Good attitude and appearance.</li>
<li>Should be honest and trustworthy.</li>
</ol>
<p>– Office Girl</p>
<p>Qualifications</p>
<ol>
<li>High School (SMA)/Vocational High School (SMK) or equivalent.</li>
<li>Maximum age 30.</li>
<li>Good attitude and appearance.</li>
<li>Should be honest and trustworthy.</li>
</ol>
<p>Penempatan Tangerang</p>
<hr/>
<p style=""text-align: center;"">Bagi Anda yang berminat, silahkan melakukan pendaftaran secara online:</p>
<p style=""text-align: center;""><a class=""button"" href=""https://bismaaerosejahtera.co.id/karir/"" rel=""noopener noreferrer"" style=""vertical-align: middle;"" target=""_blank""><button>Apply </button></a></p>
 "
10,PT Brantas Energi,['Procurement Officer'],"[[['', 'Male, with maximum age 49 years old', 'Minimum Bachelor Degree (S1) in Civil Engineering, Electrical Engineering, Quantity Surveying or any other similar major', 'More than 15 year working experiences as Procurement / Quantity Surveyor Team or Consultant in reputable companies', 'Having a good knowledge of varieties of contract that commonly used in construction services, consultancy services and product procurement', 'Having the ability to prepare and to manage contract both local and international standard (FIDIC)', 'Experienced in contracting and sub-contracting direct contractor, main contractor, sub-contractor, specialist, vendor, etc. in timely manner', 'Having a good communication skill', 'Fluent in English both speaking and writing is preferable', 'Able to adapt fast our company or BUMN culture: Amanah, Kompeten, Harmoni, Loyal, Adaptif, Kolaboratif (A-K-H-L-A-K)', '']]]",[['Requirements']],E:/Belajar/www.disnakerja.com/images/PT Brantas Energi.jpg,"['Please send your complete resume with recent photograph and related certificates to below email:', 'rekrutmen@brantasenergi.co.id', '~ PT Brantas Energi does not charge a fee at any stage of the recruitment process ~']","December 28, 2020",https://www.disnakerja.com/job/lowongan-kerja-pt-brantas-energi/,"
<p style=""text-align: justify;"">PT Brantas Energi adalah Perusahaan yang didirikan oleh PT Brantas Abipraya (Persero). Perusahaan ini terlibat dalam investasi energi terbarukan, khususnya Hydro Power. Brantas Energi berdiri dengan didukung oleh daya, potensi dan pengalaman dari PT Brantas Abipraya dalam industri konstruksi dan sektor listrik. Berdasarkan moto Brantas Energi, “Eco Responsible”, Brantas Energi selalu mendasari semua kegiatan dengan berfokus pada pelestarian lingkungan.</p>
<p style=""text-align: justify;"">Saat ini PT Brantas Energi kembali membuka lowongan kerja terbaru pada bulan Desember 2020. Adapun dibawah ini adalah posisi jabatan yang saat ini tersedia bagi Anda para pencari kerja yang tertarik untuk mengembangkan karir Anda bersama PT Brantas Energi dengan kualifikasi sebagai berikut.</p>
<hr/>
<h5>Procurement Officer</h5>
<p>Requirements</p>
<ol>
<li>Male, with maximum age 49 years old</li>
<li>Minimum Bachelor Degree (S1) in Civil Engineering, Electrical Engineering, Quantity Surveying or any other similar major</li>
<li>More than 15 year working experiences as Procurement / Quantity Surveyor Team or Consultant in reputable companies</li>
<li>Having a good knowledge of varieties of contract that commonly used in construction services, consultancy services and product procurement</li>
<li>Having the ability to prepare and to manage contract both local and international standard (FIDIC)</li>
<li>Experienced in contracting and sub-contracting direct contractor, main contractor, sub-contractor, specialist, vendor, etc. in timely manner</li>
<li>Having a good communication skill</li>
<li>Fluent in English both speaking and writing is preferable</li>
<li>Able to adapt fast our company or BUMN culture: Amanah, Kompeten, Harmoni, Loyal, Adaptif, Kolaboratif (A-K-H-L-A-K)</li>
</ol>
<hr/>
<p style=""text-align: center;"">Please send your complete resume with recent photograph and related certificates to below email:</p>
<p style=""text-align: center;"">rekrutmen@brantasenergi.co.id</p>
<p style=""text-align: center;""><em>~ PT Brantas Energi does not charge a fee at any stage of the recruitment process ~</em></p>
 "
11,PT Dinamika Daya Segara (Wings Group),['Staff Administrasi'],"[[['', 'Perempuan', 'Usia maks 25 tahun', 'Minimal lulusan S-1/sederajat semua jurusan.', 'min IPK 3.00', 'Menyukai dibidang administrasi, paham program ms office dan mampu kerja team', 'Penempatan Kepanjen – Kab Malang, diutamakan domisili daerah sekitar', ''], ['', 'Dokumen lampiran : scan lamaran, cv, ktp, kk, ijazah, transkip, foto terbaru.', 'Kode lamaran : “st_adm”', 'Maksimal lamaran diterima sampai dgn 28 DESEMBER 2020', '']]]","[['Kualifikasi', 'Note: Dokumen Lampiran']]",E:/Belajar/www.disnakerja.com/images/PT Dinamika Daya Segara (Wings Group).jpg,"['Send your resumes to:', 'rdestantyo@wsmail.wingscorp.com', 'Dokumen lampiran dijadikan satu dalam bentuk pdf (maksimal 1 mb)']","December 28, 2020",https://www.disnakerja.com/job/lowongan-kerja-pt-dinamika-daya-segara-wings-group/,"
<p style=""text-align: justify;"">Wings Group merupakan perusahaan penghasil produk-produk rumah tangga dan pemeliharaan kesehatan diri yang bermarkas di Surabaya, Indonesia. Perusahaan ini didirikan pada 21 September 1948 dengan nama Fa Wings. Pada tahun 1991, ia berganti nama menjadi Wings Surya.[1]</p>
<p style=""text-align: justify;"">Pada tahun 1981, pabrik ketiga PT. Cipta Segar Harum (kemudian berganti nama menjadi PT. Lionindo Jaya sejak tahun 1990 dan kembali berganti nama menjadi PT. Lion Wings sejak tahun 2004) dibangun di Jakarta bersama-sama dengan Lion Corporation Jepang untuk memproduksi merek seperti Emeron, Page One, Ciptadent dan Mama.</p>
<h4 style=""text-align: center;"">Lowongan Kerja PT Dinamika Daya Segara (Wings Group)</h4>
<hr/>
<h5>Staff Administrasi</h5>
<p>Kualifikasi</p>
<ol>
<li>Perempuan</li>
<li>Usia maks 25 tahun</li>
<li>Minimal lulusan S-1/sederajat semua jurusan.</li>
<li>min IPK 3.00</li>
<li>Menyukai dibidang administrasi, paham program ms office dan mampu kerja team</li>
<li>Penempatan Kepanjen – Kab Malang, diutamakan domisili daerah sekitar</li>
</ol>
<p>Note: Dokumen Lampiran</p>
<ol>
<li>Dokumen lampiran : scan lamaran, cv, ktp, kk, ijazah, transkip, foto terbaru.</li>
<li>Kode lamaran : “st_adm”</li>
<li>Maksimal lamaran diterima sampai dgn 28 DESEMBER 2020</li>
</ol>
<hr/>
<p style=""text-align: center;"">Send your resumes to:</p>
<p style=""text-align: center;"">rdestantyo@wsmail.wingscorp.com</p>
<p style=""text-align: center;"">Dokumen lampiran dijadikan satu dalam bentuk pdf (maksimal 1 mb)</p>
 "
